from_agg_id,level_id,to_agg_id
1, 1, 178
2, 1, 178
3, 1, 478
4, 1, 478
5, 1, 220
6, 1, 220
7, 1, 520
8, 1, 520
9, 1, 199
10, 1, 199
11, 1, 499
12, 1, 499
13, 1, 31
14, 1, 31
15, 1, 133
16, 1, 133
17, 1, 235
18, 1, 235
19, 1, 337
20, 1, 337
21, 1, 439
22, 1, 439
23, 1, 541
24, 1, 541
25, 1, 91
26, 1, 91
27, 1, 238
28, 1, 238
29, 1, 391
30, 1, 391
31, 1, 538
32, 1, 538
33, 1, 544
34, 1, 544
35, 1, 181
36, 1, 181
37, 1, 67
38, 1, 67
39, 1, 160
40, 1, 160
41, 1, 514
42, 1, 514
43, 1, 364
44, 1, 364
45, 1, 106
46, 1, 106
47, 1, 568
48, 1, 568
49, 1, 310
50, 1, 310
51, 1, 73
52, 1, 179
53, 1, 179
54, 1, 479
55, 1, 479
56, 1, 221
57, 1, 221
58, 1, 521
59, 1, 521
60, 1, 200
61, 1, 200
62, 1, 500
63, 1, 500
64, 1, 32
65, 1, 32
66, 1, 134
67, 1, 134
68, 1, 236
69, 1, 236
70, 1, 338
71, 1, 338
72, 1, 440
73, 1, 440
74, 1, 542
75, 1, 542
76, 1, 92
77, 1, 92
78, 1, 239
79, 1, 239
80, 1, 392
81, 1, 392
82, 1, 539
83, 1, 539
84, 1, 545
85, 1, 545
86, 1, 182
87, 1, 182
88, 1, 68
89, 1, 68
90, 1, 161
91, 1, 161
92, 1, 515
93, 1, 515
94, 1, 365
95, 1, 365
96, 1, 107
97, 1, 107
98, 1, 569
99, 1, 569
100, 1, 311
101, 1, 311
102, 1, 74
103, 1, 180
104, 1, 180
105, 1, 480
106, 1, 480
107, 1, 222
108, 1, 222
109, 1, 522
110, 1, 522
111, 1, 201
112, 1, 201
113, 1, 501
114, 1, 501
115, 1, 33
116, 1, 33
117, 1, 135
118, 1, 135
119, 1, 237
120, 1, 237
121, 1, 339
122, 1, 339
123, 1, 441
124, 1, 441
125, 1, 543
126, 1, 543
127, 1, 93
128, 1, 93
129, 1, 240
130, 1, 240
131, 1, 393
132, 1, 393
133, 1, 540
134, 1, 540
135, 1, 546
136, 1, 546
137, 1, 183
138, 1, 183
139, 1, 69
140, 1, 69
141, 1, 162
142, 1, 162
143, 1, 516
144, 1, 516
145, 1, 366
146, 1, 366
147, 1, 108
148, 1, 108
149, 1, 570
150, 1, 570
151, 1, 312
152, 1, 312
153, 1, 75
154, 1, 73
155, 1, 373
156, 1, 373
157, 1, 346
158, 1, 346
159, 1, 46
160, 1, 46
161, 1, 52
162, 1, 52
163, 1, 352
164, 1, 352
165, 1, 247
166, 1, 247
167, 1, 505
168, 1, 505
169, 1, 451
170, 1, 451
171, 1, 97
172, 1, 97
173, 1, 130
174, 1, 130
175, 1, 301
176, 1, 301
177, 1, 43
178, 1, 43
179, 1, 7
180, 1, 7
181, 1, 265
182, 1, 265
183, 1, 307
184, 1, 307
185, 1, 565
186, 1, 565
187, 1, 112
188, 1, 112
189, 1, 412
190, 1, 412
191, 1, 202
192, 1, 202
193, 1, 229
194, 1, 229
195, 1, 127
196, 1, 127
197, 1, 496
198, 1, 496
199, 1, 406
200, 1, 406
201, 1, 523
202, 1, 523
203, 1, 76
204, 1, 76
205, 1, 74
206, 1, 374
207, 1, 374
208, 1, 47
209, 1, 47
210, 1, 347
211, 1, 347
212, 1, 53
213, 1, 53
214, 1, 353
215, 1, 353
216, 1, 248
217, 1, 248
218, 1, 506
219, 1, 506
220, 1, 452
221, 1, 452
222, 1, 98
223, 1, 98
224, 1, 131
225, 1, 131
226, 1, 44
227, 1, 44
228, 1, 302
229, 1, 302
230, 1, 8
231, 1, 8
232, 1, 266
233, 1, 266
234, 1, 308
235, 1, 308
236, 1, 566
237, 1, 566
238, 1, 113
239, 1, 113
240, 1, 413
241, 1, 413
242, 1, 203
243, 1, 203
244, 1, 230
245, 1, 230
246, 1, 128
247, 1, 128
248, 1, 497
249, 1, 497
250, 1, 407
251, 1, 407
252, 1, 524
253, 1, 524
254, 1, 77
255, 1, 77
256, 1, 75
257, 1, 375
258, 1, 375
259, 1, 48
260, 1, 48
261, 1, 348
262, 1, 348
263, 1, 54
264, 1, 54
265, 1, 354
266, 1, 354
267, 1, 249
268, 1, 249
269, 1, 507
270, 1, 507
271, 1, 453
272, 1, 453
273, 1, 99
274, 1, 99
275, 1, 132
276, 1, 132
277, 1, 45
278, 1, 45
279, 1, 303
280, 1, 303
281, 1, 9
282, 1, 9
283, 1, 267
284, 1, 267
285, 1, 309
286, 1, 309
287, 1, 567
288, 1, 567
289, 1, 114
290, 1, 114
291, 1, 414
292, 1, 414
293, 1, 204
294, 1, 204
295, 1, 231
296, 1, 231
297, 1, 129
298, 1, 129
299, 1, 498
300, 1, 498
301, 1, 408
302, 1, 408
303, 1, 525
304, 1, 525
305, 1, 78
306, 1, 78
307, 1, 22
308, 1, 22
309, 1, 280
310, 1, 280
311, 1, 355
312, 1, 355
313, 1, 397
314, 1, 397
315, 1, 1
316, 1, 1
317, 1, 433
318, 1, 433
319, 1, 139
320, 1, 139
321, 1, 190
322, 1, 190
323, 1, 292
324, 1, 292
325, 1, 343
326, 1, 343
327, 1, 142
328, 1, 142
329, 1, 187
330, 1, 187
331, 1, 385
332, 1, 385
333, 1, 40
334, 1, 40
335, 1, 487
336, 1, 487
337, 1, 493
338, 1, 493
339, 1, 85
340, 1, 85
341, 1, 532
342, 1, 532
343, 1, 196
344, 1, 196
345, 1, 298
346, 1, 298
347, 1, 400
348, 1, 400
349, 1, 502
350, 1, 502
351, 1, 94
352, 1, 94
353, 1, 454
354, 1, 454
355, 1, 175
356, 1, 175
357, 1, 23
358, 1, 23
359, 1, 281
360, 1, 281
361, 1, 356
362, 1, 356
363, 1, 398
364, 1, 398
365, 1, 2
366, 1, 2
367, 1, 434
368, 1, 434
369, 1, 140
370, 1, 140
371, 1, 191
372, 1, 191
373, 1, 293
374, 1, 293
375, 1, 344
376, 1, 344
377, 1, 143
378, 1, 143
379, 1, 188
380, 1, 188
381, 1, 386
382, 1, 386
383, 1, 41
384, 1, 41
385, 1, 488
386, 1, 488
387, 1, 494
388, 1, 494
389, 1, 86
390, 1, 86
391, 1, 533
392, 1, 533
393, 1, 197
394, 1, 197
395, 1, 299
396, 1, 299
397, 1, 401
398, 1, 401
399, 1, 503
400, 1, 503
401, 1, 95
402, 1, 95
403, 1, 455
404, 1, 455
405, 1, 176
406, 1, 176
407, 1, 24
408, 1, 24
409, 1, 282
410, 1, 282
411, 1, 357
412, 1, 357
413, 1, 399
414, 1, 399
415, 1, 3
416, 1, 3
417, 1, 435
418, 1, 435
419, 1, 141
420, 1, 141
421, 1, 192
422, 1, 192
423, 1, 294
424, 1, 294
425, 1, 345
426, 1, 345
427, 1, 144
428, 1, 144
429, 1, 189
430, 1, 189
431, 1, 387
432, 1, 387
433, 1, 42
434, 1, 42
435, 1, 489
436, 1, 489
437, 1, 495
438, 1, 495
439, 1, 87
440, 1, 87
441, 1, 534
442, 1, 534
443, 1, 198
444, 1, 198
445, 1, 300
446, 1, 300
447, 1, 402
448, 1, 402
449, 1, 504
450, 1, 504
451, 1, 96
452, 1, 96
453, 1, 456
454, 1, 456
455, 1, 177
456, 1, 177
457, 1, 244
458, 1, 244
459, 1, 475
460, 1, 475
461, 1, 481
462, 1, 481
463, 1, 154
464, 1, 154
465, 1, 418
466, 1, 418
467, 1, 13
468, 1, 13
469, 1, 460
470, 1, 460
471, 1, 64
472, 1, 64
473, 1, 217
474, 1, 217
475, 1, 559
476, 1, 559
477, 1, 49
478, 1, 49
479, 1, 349
480, 1, 349
481, 1, 28
482, 1, 28
483, 1, 328
484, 1, 328
485, 1, 70
486, 1, 70
487, 1, 370
488, 1, 370
489, 1, 340
490, 1, 340
491, 1, 193
492, 1, 193
493, 1, 442
494, 1, 442
495, 1, 232
496, 1, 232
497, 1, 334
498, 1, 334
499, 1, 34
500, 1, 34
501, 1, 256
502, 1, 256
503, 1, 367
504, 1, 367
505, 1, 409
506, 1, 409
507, 1, 10
508, 1, 245
509, 1, 245
510, 1, 476
511, 1, 476
512, 1, 482
513, 1, 482
514, 1, 155
515, 1, 155
516, 1, 419
517, 1, 419
518, 1, 14
519, 1, 14
520, 1, 461
521, 1, 461
522, 1, 65
523, 1, 65
524, 1, 218
525, 1, 218
526, 1, 560
527, 1, 560
528, 1, 50
529, 1, 50
530, 1, 350
531, 1, 350
532, 1, 29
533, 1, 29
534, 1, 71
535, 1, 71
536, 1, 329
537, 1, 329
538, 1, 371
539, 1, 371
540, 1, 341
541, 1, 341
542, 1, 194
543, 1, 194
544, 1, 443
545, 1, 443
546, 1, 233
547, 1, 233
548, 1, 35
549, 1, 35
550, 1, 335
551, 1, 335
552, 1, 257
553, 1, 257
554, 1, 368
555, 1, 368
556, 1, 410
557, 1, 410
558, 1, 11
559, 1, 246
560, 1, 246
561, 1, 477
562, 1, 477
563, 1, 483
564, 1, 483
565, 1, 156
566, 1, 156
567, 1, 420
568, 1, 420
569, 1, 15
570, 1, 15
571, 1, 462
572, 1, 462
573, 1, 66
574, 1, 66
575, 1, 219
576, 1, 219
577, 1, 561
578, 1, 561
579, 1, 51
580, 1, 51
581, 1, 351
582, 1, 351
583, 1, 30
584, 1, 30
585, 1, 72
586, 1, 72
587, 1, 330
588, 1, 330
589, 1, 372
590, 1, 372
591, 1, 342
592, 1, 342
593, 1, 195
594, 1, 195
595, 1, 444
596, 1, 444
597, 1, 234
598, 1, 234
599, 1, 36
600, 1, 36
601, 1, 336
602, 1, 336
603, 1, 258
604, 1, 258
605, 1, 369
606, 1, 369
607, 1, 411
608, 1, 411
609, 1, 12
610, 1, 10
611, 1, 268
612, 1, 268
613, 1, 163
614, 1, 163
615, 1, 214
616, 1, 214
617, 1, 58
618, 1, 58
619, 1, 316
620, 1, 316
621, 1, 358
622, 1, 358
623, 1, 466
624, 1, 466
625, 1, 208
626, 1, 208
627, 1, 16
628, 1, 16
629, 1, 211
630, 1, 211
631, 1, 469
632, 1, 469
633, 1, 511
634, 1, 511
635, 1, 166
636, 1, 166
637, 1, 508
638, 1, 508
639, 1, 361
640, 1, 361
641, 1, 61
642, 1, 61
643, 1, 556
644, 1, 556
645, 1, 571
646, 1, 571
647, 1, 79
648, 1, 79
649, 1, 148
650, 1, 148
651, 1, 448
652, 1, 448
653, 1, 250
654, 1, 250
655, 1, 550
656, 1, 550
657, 1, 82
658, 1, 82
659, 1, 184
660, 1, 184
661, 1, 11
662, 1, 269
663, 1, 269
664, 1, 164
665, 1, 164
666, 1, 215
667, 1, 215
668, 1, 59
669, 1, 59
670, 1, 317
671, 1, 317
672, 1, 359
673, 1, 359
674, 1, 467
675, 1, 467
676, 1, 209
677, 1, 209
678, 1, 17
679, 1, 17
680, 1, 212
681, 1, 212
682, 1, 470
683, 1, 470
684, 1, 512
685, 1, 512
686, 1, 167
687, 1, 167
688, 1, 509
689, 1, 509
690, 1, 62
691, 1, 62
692, 1, 362
693, 1, 362
694, 1, 557
695, 1, 557
696, 1, 572
697, 1, 572
698, 1, 80
699, 1, 80
700, 1, 149
701, 1, 149
702, 1, 449
703, 1, 449
704, 1, 251
705, 1, 251
706, 1, 551
707, 1, 551
708, 1, 83
709, 1, 83
710, 1, 185
711, 1, 185
712, 1, 12
713, 1, 270
714, 1, 270
715, 1, 165
716, 1, 165
717, 1, 216
718, 1, 216
719, 1, 60
720, 1, 60
721, 1, 318
722, 1, 318
723, 1, 360
724, 1, 360
725, 1, 468
726, 1, 468
727, 1, 210
728, 1, 210
729, 1, 18
730, 1, 18
731, 1, 213
732, 1, 213
733, 1, 471
734, 1, 471
735, 1, 513
736, 1, 513
737, 1, 168
738, 1, 168
739, 1, 510
740, 1, 510
741, 1, 63
742, 1, 63
743, 1, 363
744, 1, 363
745, 1, 558
746, 1, 558
747, 1, 573
748, 1, 573
749, 1, 81
750, 1, 81
751, 1, 150
752, 1, 150
753, 1, 450
754, 1, 450
755, 1, 252
756, 1, 252
757, 1, 552
758, 1, 552
759, 1, 84
760, 1, 84
761, 1, 186
762, 1, 186
763, 1, 286
764, 1, 286
765, 1, 388
766, 1, 388
767, 1, 490
768, 1, 490
769, 1, 325
770, 1, 325
771, 1, 529
772, 1, 529
773, 1, 427
774, 1, 427
775, 1, 4
776, 1, 4
777, 1, 19
778, 1, 19
779, 1, 121
780, 1, 121
781, 1, 223
782, 1, 223
783, 1, 136
784, 1, 136
785, 1, 289
786, 1, 289
787, 1, 436
788, 1, 436
789, 1, 283
790, 1, 283
791, 1, 376
792, 1, 376
793, 1, 322
794, 1, 322
795, 1, 55
796, 1, 55
797, 1, 526
798, 1, 526
799, 1, 172
800, 1, 172
801, 1, 262
802, 1, 262
803, 1, 115
804, 1, 115
805, 1, 562
806, 1, 562
807, 1, 157
808, 1, 157
809, 1, 415
810, 1, 415
811, 1, 457
812, 1, 457
813, 1, 287
814, 1, 287
815, 1, 389
816, 1, 389
817, 1, 491
818, 1, 491
819, 1, 326
820, 1, 326
821, 1, 530
822, 1, 530
823, 1, 428
824, 1, 428
825, 1, 5
826, 1, 5
827, 1, 20
828, 1, 20
829, 1, 122
830, 1, 122
831, 1, 224
832, 1, 224
833, 1, 137
834, 1, 137
835, 1, 290
836, 1, 290
837, 1, 437
838, 1, 437
839, 1, 284
840, 1, 284
841, 1, 377
842, 1, 377
843, 1, 323
844, 1, 323
845, 1, 56
846, 1, 56
847, 1, 527
848, 1, 527
849, 1, 173
850, 1, 173
851, 1, 263
852, 1, 263
853, 1, 116
854, 1, 116
855, 1, 563
856, 1, 563
857, 1, 158
858, 1, 158
859, 1, 416
860, 1, 416
861, 1, 458
862, 1, 458
863, 1, 288
864, 1, 288
865, 1, 390
866, 1, 390
867, 1, 492
868, 1, 492
869, 1, 327
870, 1, 327
871, 1, 531
872, 1, 531
873, 1, 429
874, 1, 429
875, 1, 6
876, 1, 6
877, 1, 21
878, 1, 21
879, 1, 123
880, 1, 123
881, 1, 225
882, 1, 225
883, 1, 138
884, 1, 138
885, 1, 291
886, 1, 291
887, 1, 438
888, 1, 438
889, 1, 285
890, 1, 285
891, 1, 378
892, 1, 378
893, 1, 324
894, 1, 324
895, 1, 57
896, 1, 57
897, 1, 528
898, 1, 528
899, 1, 174
900, 1, 174
901, 1, 264
902, 1, 264
903, 1, 117
904, 1, 117
905, 1, 564
906, 1, 564
907, 1, 159
908, 1, 159
909, 1, 417
910, 1, 417
911, 1, 459
912, 1, 459
913, 1, 110
914, 1, 110
915, 1, 119
916, 1, 119
917, 1, 314
918, 1, 314
919, 1, 260
920, 1, 260
921, 1, 518
922, 1, 518
923, 1, 464
924, 1, 464
925, 1, 446
926, 1, 446
927, 1, 575
928, 1, 575
929, 1, 125
930, 1, 125
931, 1, 425
932, 1, 425
933, 1, 104
934, 1, 104
935, 1, 275
936, 1, 275
937, 1, 101
938, 1, 101
939, 1, 332
940, 1, 332
941, 1, 305
942, 1, 305
943, 1, 320
944, 1, 320
945, 1, 422
946, 1, 422
947, 1, 26
948, 1, 26
949, 1, 395
950, 1, 395
951, 1, 152
952, 1, 152
953, 1, 548
954, 1, 548
955, 1, 227
956, 1, 227
957, 1, 431
958, 1, 431
959, 1, 206
960, 1, 206
961, 1, 473
962, 1, 473
963, 1, 254
964, 1, 109
965, 1, 109
966, 1, 118
967, 1, 118
968, 1, 313
969, 1, 313
970, 1, 259
971, 1, 259
972, 1, 517
973, 1, 517
974, 1, 463
975, 1, 463
976, 1, 445
977, 1, 445
978, 1, 574
979, 1, 574
980, 1, 124
981, 1, 124
982, 1, 424
983, 1, 424
984, 1, 103
985, 1, 103
986, 1, 274
987, 1, 274
988, 1, 100
989, 1, 100
990, 1, 331
991, 1, 331
992, 1, 304
993, 1, 304
994, 1, 319
995, 1, 319
996, 1, 421
997, 1, 421
998, 1, 25
999, 1, 25
1000, 1, 394
1001, 1, 394
1002, 1, 151
1003, 1, 151
1004, 1, 547
1005, 1, 547
1006, 1, 226
1007, 1, 226
1008, 1, 430
1009, 1, 430
1010, 1, 205
1011, 1, 205
1012, 1, 472
1013, 1, 472
1014, 1, 253
1015, 1, 111
1016, 1, 111
1017, 1, 120
1018, 1, 120
1019, 1, 315
1020, 1, 315
1021, 1, 261
1022, 1, 261
1023, 1, 519
1024, 1, 519
1025, 1, 465
1026, 1, 465
1027, 1, 447
1028, 1, 447
1029, 1, 576
1030, 1, 576
1031, 1, 126
1032, 1, 126
1033, 1, 426
1034, 1, 426
1035, 1, 105
1036, 1, 105
1037, 1, 276
1038, 1, 276
1039, 1, 102
1040, 1, 102
1041, 1, 333
1042, 1, 333
1043, 1, 306
1044, 1, 306
1045, 1, 321
1046, 1, 321
1047, 1, 423
1048, 1, 423
1049, 1, 27
1050, 1, 27
1051, 1, 396
1052, 1, 396
1053, 1, 153
1054, 1, 153
1055, 1, 549
1056, 1, 549
1057, 1, 228
1058, 1, 228
1059, 1, 432
1060, 1, 432
1061, 1, 207
1062, 1, 207
1063, 1, 474
1064, 1, 474
1065, 1, 255
1066, 1, 253
1067, 1, 553
1068, 1, 553
1069, 1, 295
1070, 1, 295
1071, 1, 145
1072, 1, 145
1073, 1, 403
1074, 1, 403
1075, 1, 169
1076, 1, 169
1077, 1, 271
1078, 1, 271
1079, 1, 277
1080, 1, 277
1081, 1, 379
1082, 1, 379
1083, 1, 577
1084, 1, 577
1085, 1, 382
1086, 1, 382
1087, 1, 37
1088, 1, 37
1089, 1, 88
1090, 1, 88
1091, 1, 484
1092, 1, 484
1093, 1, 535
1094, 1, 535
1095, 1, 241
1096, 1, 241
1097, 1, 254
1098, 1, 554
1099, 1, 554
1100, 1, 296
1101, 1, 296
1102, 1, 146
1103, 1, 146
1104, 1, 404
1105, 1, 404
1106, 1, 170
1107, 1, 170
1108, 1, 272
1109, 1, 272
1110, 1, 278
1111, 1, 278
1112, 1, 380
1113, 1, 380
1114, 1, 578
1115, 1, 578
1116, 1, 383
1117, 1, 383
1118, 1, 38
1119, 1, 38
1120, 1, 89
1121, 1, 89
1122, 1, 485
1123, 1, 485
1124, 1, 536
1125, 1, 536
1126, 1, 242
1127, 1, 242
1128, 1, 255
1129, 1, 555
1130, 1, 555
1131, 1, 297
1132, 1, 297
1133, 1, 147
1134, 1, 147
1135, 1, 405
1136, 1, 405
1137, 1, 171
1138, 1, 171
1139, 1, 273
1140, 1, 273
1141, 1, 279
1142, 1, 279
1143, 1, 381
1144, 1, 381
1145, 1, 579
1146, 1, 579
1147, 1, 384
1148, 1, 384
1149, 1, 39
1150, 1, 39
1151, 1, 90
1152, 1, 90
1153, 1, 486
1154, 1, 486
1155, 1, 537
1156, 1, 537
1157, 1, 243
1158, 1, 243
1159, 1, 178
1160, 1, 478
1161, 1, 220
1162, 1, 520
1163, 1, 199
1164, 1, 499
1165, 1, 31
1166, 1, 133
1167, 1, 235
1168, 1, 337
1169, 1, 439
1170, 1, 541
1171, 1, 91
1172, 1, 238
1173, 1, 391
1174, 1, 538
1175, 1, 544
1176, 1, 181
1177, 1, 67
1178, 1, 160
1179, 1, 514
1180, 1, 364
1181, 1, 106
1182, 1, 568
1183, 1, 310
1184, 1, 73
1185, 1, 373
1186, 1, 346
1187, 1, 46
1188, 1, 52
1189, 1, 352
1190, 1, 247
1191, 1, 505
1192, 1, 451
1193, 1, 97
1194, 1, 130
1195, 1, 301
1196, 1, 43
1197, 1, 7
1198, 1, 265
1199, 1, 307
1200, 1, 565
1201, 1, 112
1202, 1, 412
1203, 1, 202
1204, 1, 229
1205, 1, 127
1206, 1, 496
1207, 1, 406
1208, 1, 523
1209, 1, 76
1210, 1, 22
1211, 1, 280
1212, 1, 355
1213, 1, 397
1214, 1, 1
1215, 1, 433
1216, 1, 139
1217, 1, 190
1218, 1, 292
1219, 1, 343
1220, 1, 142
1221, 1, 187
1222, 1, 385
1223, 1, 40
1224, 1, 487
1225, 1, 493
1226, 1, 85
1227, 1, 532
1228, 1, 196
1229, 1, 298
1230, 1, 400
1231, 1, 502
1232, 1, 94
1233, 1, 454
1234, 1, 175
1235, 1, 244
1236, 1, 475
1237, 1, 481
1238, 1, 154
1239, 1, 418
1240, 1, 13
1241, 1, 460
1242, 1, 64
1243, 1, 217
1244, 1, 559
1245, 1, 49
1246, 1, 349
1247, 1, 28
1248, 1, 328
1249, 1, 70
1250, 1, 370
1251, 1, 340
1252, 1, 193
1253, 1, 442
1254, 1, 232
1255, 1, 334
1256, 1, 34
1257, 1, 256
1258, 1, 367
1259, 1, 409
1260, 1, 10
1261, 1, 268
1262, 1, 163
1263, 1, 214
1264, 1, 58
1265, 1, 316
1266, 1, 358
1267, 1, 466
1268, 1, 208
1269, 1, 16
1270, 1, 211
1271, 1, 469
1272, 1, 511
1273, 1, 166
1274, 1, 508
1275, 1, 361
1276, 1, 61
1277, 1, 556
1278, 1, 571
1279, 1, 79
1280, 1, 148
1281, 1, 448
1282, 1, 250
1283, 1, 550
1284, 1, 82
1285, 1, 184
1286, 1, 286
1287, 1, 388
1288, 1, 490
1289, 1, 325
1290, 1, 529
1291, 1, 427
1292, 1, 4
1293, 1, 19
1294, 1, 121
1295, 1, 223
1296, 1, 136
1297, 1, 289
1298, 1, 436
1299, 1, 283
1300, 1, 376
1301, 1, 322
1302, 1, 55
1303, 1, 526
1304, 1, 172
1305, 1, 262
1306, 1, 115
1307, 1, 562
1308, 1, 157
1309, 1, 415
1310, 1, 457
1311, 1, 109
1312, 1, 118
1313, 1, 313
1314, 1, 259
1315, 1, 517
1316, 1, 463
1317, 1, 445
1318, 1, 574
1319, 1, 124
1320, 1, 424
1321, 1, 103
1322, 1, 274
1323, 1, 100
1324, 1, 331
1325, 1, 304
1326, 1, 319
1327, 1, 421
1328, 1, 25
1329, 1, 394
1330, 1, 151
1331, 1, 547
1332, 1, 226
1333, 1, 430
1334, 1, 205
1335, 1, 472
1336, 1, 253
1337, 1, 553
1338, 1, 295
1339, 1, 145
1340, 1, 403
1341, 1, 169
1342, 1, 271
1343, 1, 277
1344, 1, 379
1345, 1, 577
1346, 1, 382
1347, 1, 37
1348, 1, 88
1349, 1, 484
1350, 1, 535
1351, 1, 241
1352, 1, 180
1353, 1, 480
1354, 1, 222
1355, 1, 522
1356, 1, 201
1357, 1, 501
1358, 1, 33
1359, 1, 135
1360, 1, 237
1361, 1, 339
1362, 1, 441
1363, 1, 543
1364, 1, 93
1365, 1, 240
1366, 1, 393
1367, 1, 540
1368, 1, 546
1369, 1, 183
1370, 1, 69
1371, 1, 162
1372, 1, 516
1373, 1, 366
1374, 1, 108
1375, 1, 570
1376, 1, 312
1377, 1, 75
1378, 1, 375
1379, 1, 48
1380, 1, 348
1381, 1, 54
1382, 1, 354
1383, 1, 249
1384, 1, 507
1385, 1, 453
1386, 1, 99
1387, 1, 132
1388, 1, 45
1389, 1, 303
1390, 1, 9
1391, 1, 267
1392, 1, 309
1393, 1, 567
1394, 1, 114
1395, 1, 414
1396, 1, 204
1397, 1, 231
1398, 1, 129
1399, 1, 498
1400, 1, 408
1401, 1, 525
1402, 1, 78
1403, 1, 24
1404, 1, 282
1405, 1, 357
1406, 1, 399
1407, 1, 3
1408, 1, 435
1409, 1, 141
1410, 1, 192
1411, 1, 294
1412, 1, 345
1413, 1, 144
1414, 1, 189
1415, 1, 387
1416, 1, 42
1417, 1, 489
1418, 1, 495
1419, 1, 87
1420, 1, 534
1421, 1, 198
1422, 1, 300
1423, 1, 402
1424, 1, 504
1425, 1, 96
1426, 1, 456
1427, 1, 177
1428, 1, 246
1429, 1, 477
1430, 1, 483
1431, 1, 156
1432, 1, 420
1433, 1, 15
1434, 1, 462
1435, 1, 66
1436, 1, 219
1437, 1, 561
1438, 1, 51
1439, 1, 351
1440, 1, 30
1441, 1, 72
1442, 1, 330
1443, 1, 372
1444, 1, 342
1445, 1, 195
1446, 1, 444
1447, 1, 234
1448, 1, 36
1449, 1, 336
1450, 1, 258
1451, 1, 369
1452, 1, 411
1453, 1, 12
1454, 1, 270
1455, 1, 165
1456, 1, 216
1457, 1, 60
1458, 1, 318
1459, 1, 360
1460, 1, 468
1461, 1, 210
1462, 1, 18
1463, 1, 213
1464, 1, 471
1465, 1, 513
1466, 1, 168
1467, 1, 510
1468, 1, 63
1469, 1, 363
1470, 1, 558
1471, 1, 573
1472, 1, 81
1473, 1, 150
1474, 1, 450
1475, 1, 252
1476, 1, 552
1477, 1, 84
1478, 1, 186
1479, 1, 288
1480, 1, 390
1481, 1, 492
1482, 1, 327
1483, 1, 531
1484, 1, 429
1485, 1, 6
1486, 1, 21
1487, 1, 123
1488, 1, 225
1489, 1, 138
1490, 1, 291
1491, 1, 438
1492, 1, 285
1493, 1, 378
1494, 1, 324
1495, 1, 57
1496, 1, 528
1497, 1, 174
1498, 1, 264
1499, 1, 117
1500, 1, 564
1501, 1, 159
1502, 1, 417
1503, 1, 459
1504, 1, 111
1505, 1, 120
1506, 1, 315
1507, 1, 261
1508, 1, 519
1509, 1, 465
1510, 1, 447
1511, 1, 576
1512, 1, 126
1513, 1, 426
1514, 1, 105
1515, 1, 276
1516, 1, 102
1517, 1, 333
1518, 1, 306
1519, 1, 321
1520, 1, 423
1521, 1, 27
1522, 1, 396
1523, 1, 153
1524, 1, 549
1525, 1, 228
1526, 1, 432
1527, 1, 207
1528, 1, 474
1529, 1, 255
1530, 1, 555
1531, 1, 297
1532, 1, 147
1533, 1, 405
1534, 1, 171
1535, 1, 273
1536, 1, 279
1537, 1, 381
1538, 1, 579
1539, 1, 384
1540, 1, 39
1541, 1, 90
1542, 1, 486
1543, 1, 537
1544, 1, 243
1545, 1, 179
1546, 1, 479
1547, 1, 221
1548, 1, 521
1549, 1, 200
1550, 1, 500
1551, 1, 32
1552, 1, 134
1553, 1, 236
1554, 1, 338
1555, 1, 440
1556, 1, 542
1557, 1, 92
1558, 1, 239
1559, 1, 392
1560, 1, 539
1561, 1, 545
1562, 1, 182
1563, 1, 68
1564, 1, 161
1565, 1, 515
1566, 1, 365
1567, 1, 107
1568, 1, 569
1569, 1, 311
1570, 1, 74
1571, 1, 374
1572, 1, 47
1573, 1, 347
1574, 1, 53
1575, 1, 353
1576, 1, 248
1577, 1, 506
1578, 1, 452
1579, 1, 98
1580, 1, 131
1581, 1, 44
1582, 1, 302
1583, 1, 8
1584, 1, 266
1585, 1, 308
1586, 1, 566
1587, 1, 113
1588, 1, 413
1589, 1, 203
1590, 1, 230
1591, 1, 128
1592, 1, 497
1593, 1, 407
1594, 1, 524
1595, 1, 77
1596, 1, 23
1597, 1, 281
1598, 1, 356
1599, 1, 398
1600, 1, 2
1601, 1, 434
1602, 1, 140
1603, 1, 191
1604, 1, 293
1605, 1, 344
1606, 1, 143
1607, 1, 188
1608, 1, 386
1609, 1, 41
1610, 1, 488
1611, 1, 494
1612, 1, 86
1613, 1, 533
1614, 1, 197
1615, 1, 299
1616, 1, 401
1617, 1, 503
1618, 1, 95
1619, 1, 455
1620, 1, 176
1621, 1, 245
1622, 1, 476
1623, 1, 482
1624, 1, 155
1625, 1, 419
1626, 1, 14
1627, 1, 461
1628, 1, 65
1629, 1, 218
1630, 1, 560
1631, 1, 50
1632, 1, 350
1633, 1, 29
1634, 1, 71
1635, 1, 329
1636, 1, 371
1637, 1, 341
1638, 1, 194
1639, 1, 443
1640, 1, 233
1641, 1, 35
1642, 1, 335
1643, 1, 257
1644, 1, 368
1645, 1, 410
1646, 1, 11
1647, 1, 269
1648, 1, 164
1649, 1, 215
1650, 1, 59
1651, 1, 317
1652, 1, 359
1653, 1, 467
1654, 1, 209
1655, 1, 17
1656, 1, 212
1657, 1, 470
1658, 1, 512
1659, 1, 167
1660, 1, 509
1661, 1, 62
1662, 1, 362
1663, 1, 557
1664, 1, 572
1665, 1, 80
1666, 1, 149
1667, 1, 449
1668, 1, 251
1669, 1, 551
1670, 1, 83
1671, 1, 185
1672, 1, 287
1673, 1, 389
1674, 1, 491
1675, 1, 326
1676, 1, 530
1677, 1, 428
1678, 1, 5
1679, 1, 20
1680, 1, 122
1681, 1, 224
1682, 1, 137
1683, 1, 290
1684, 1, 437
1685, 1, 284
1686, 1, 377
1687, 1, 323
1688, 1, 56
1689, 1, 527
1690, 1, 173
1691, 1, 263
1692, 1, 116
1693, 1, 563
1694, 1, 158
1695, 1, 416
1696, 1, 458
1697, 1, 110
1698, 1, 119
1699, 1, 314
1700, 1, 260
1701, 1, 518
1702, 1, 464
1703, 1, 446
1704, 1, 575
1705, 1, 125
1706, 1, 425
1707, 1, 104
1708, 1, 275
1709, 1, 101
1710, 1, 332
1711, 1, 305
1712, 1, 320
1713, 1, 422
1714, 1, 26
1715, 1, 395
1716, 1, 152
1717, 1, 548
1718, 1, 227
1719, 1, 431
1720, 1, 206
1721, 1, 473
1722, 1, 254
1723, 1, 554
1724, 1, 296
1725, 1, 146
1726, 1, 404
1727, 1, 170
1728, 1, 272
1729, 1, 278
1730, 1, 380
1731, 1, 578
1732, 1, 383
1733, 1, 38
1734, 1, 89
1735, 1, 485
1736, 1, 536
1737, 1, 242
1, 2, 1
2, 2, 1
3, 2, 1
4, 2, 2
5, 2, 2
6, 2, 2
7, 2, 3
8, 2, 3
9, 2, 3
10, 2, 4
11, 2, 4
12, 2, 4
13, 2, 5
14, 2, 5
15, 2, 5
16, 2, 6
17, 2, 6
18, 2, 6
19, 2, 7
20, 2, 7
21, 2, 7
22, 2, 8
23, 2, 8
24, 2, 8
25, 2, 9
26, 2, 9
27, 2, 9
28, 2, 10
29, 2, 10
30, 2, 10
31, 2, 11
32, 2, 11
33, 2, 11
34, 2, 12
35, 2, 12
36, 2, 12
37, 2, 13
38, 2, 13
39, 2, 13
40, 2, 14
41, 2, 14
42, 2, 14
43, 2, 15
44, 2, 15
45, 2, 15
46, 2, 16
47, 2, 16
48, 2, 16
49, 2, 17
50, 2, 17
51, 2, 17
52, 2, 18
53, 2, 18
54, 2, 18
55, 2, 19
56, 2, 19
57, 2, 19
58, 2, 20
59, 2, 20
60, 2, 20
61, 2, 21
62, 2, 21
63, 2, 21
64, 2, 22
65, 2, 22
66, 2, 22
67, 2, 23
68, 2, 23
69, 2, 23
70, 2, 24
71, 2, 24
72, 2, 24
73, 2, 25
74, 2, 25
75, 2, 25
76, 2, 26
77, 2, 26
78, 2, 26
79, 2, 27
80, 2, 27
81, 2, 27
82, 2, 28
83, 2, 28
84, 2, 28
85, 2, 29
86, 2, 29
87, 2, 29
88, 2, 30
89, 2, 30
90, 2, 30
91, 2, 31
92, 2, 31
93, 2, 31
94, 2, 32
95, 2, 32
96, 2, 32
97, 2, 33
98, 2, 33
99, 2, 33
100, 2, 34
101, 2, 34
102, 2, 34
103, 2, 35
104, 2, 35
105, 2, 35
106, 2, 36
107, 2, 36
108, 2, 36
109, 2, 37
110, 2, 37
111, 2, 37
112, 2, 38
113, 2, 38
114, 2, 38
115, 2, 39
116, 2, 39
117, 2, 39
118, 2, 40
119, 2, 40
120, 2, 40
121, 2, 41
122, 2, 41
123, 2, 41
124, 2, 42
125, 2, 42
126, 2, 42
127, 2, 43
128, 2, 43
129, 2, 43
130, 2, 44
131, 2, 44
132, 2, 44
133, 2, 45
134, 2, 45
135, 2, 45
136, 2, 46
137, 2, 46
138, 2, 46
139, 2, 47
140, 2, 47
141, 2, 47
142, 2, 48
143, 2, 48
144, 2, 48
145, 2, 49
146, 2, 49
147, 2, 49
148, 2, 50
149, 2, 50
150, 2, 50
151, 2, 51
152, 2, 51
153, 2, 51
154, 2, 52
155, 2, 52
156, 2, 52
157, 2, 53
158, 2, 53
159, 2, 53
160, 2, 54
161, 2, 54
162, 2, 54
163, 2, 55
164, 2, 55
165, 2, 55
166, 2, 56
167, 2, 56
168, 2, 56
169, 2, 57
170, 2, 57
171, 2, 57
172, 2, 58
173, 2, 58
174, 2, 58
175, 2, 59
176, 2, 59
177, 2, 59
178, 2, 60
179, 2, 60
180, 2, 60
181, 2, 61
182, 2, 61
183, 2, 61
184, 2, 62
185, 2, 62
186, 2, 62
187, 2, 63
188, 2, 63
189, 2, 63
190, 2, 64
191, 2, 64
192, 2, 64
193, 2, 65
194, 2, 65
195, 2, 65
196, 2, 66
197, 2, 66
198, 2, 66
199, 2, 67
200, 2, 67
201, 2, 67
202, 2, 68
203, 2, 68
204, 2, 68
205, 2, 69
206, 2, 69
207, 2, 69
208, 2, 70
209, 2, 70
210, 2, 70
211, 2, 71
212, 2, 71
213, 2, 71
214, 2, 72
215, 2, 72
216, 2, 72
217, 2, 73
218, 2, 73
219, 2, 73
220, 2, 74
221, 2, 74
222, 2, 74
223, 2, 75
224, 2, 75
225, 2, 75
226, 2, 76
227, 2, 76
228, 2, 76
229, 2, 77
230, 2, 77
231, 2, 77
232, 2, 78
233, 2, 78
234, 2, 78
235, 2, 79
236, 2, 79
237, 2, 79
238, 2, 80
239, 2, 80
240, 2, 80
241, 2, 81
242, 2, 81
243, 2, 81
244, 2, 82
245, 2, 82
246, 2, 82
247, 2, 83
248, 2, 83
249, 2, 83
250, 2, 84
251, 2, 84
252, 2, 84
253, 2, 85
254, 2, 85
255, 2, 85
256, 2, 86
257, 2, 86
258, 2, 86
259, 2, 87
260, 2, 87
261, 2, 87
262, 2, 88
263, 2, 88
264, 2, 88
265, 2, 89
266, 2, 89
267, 2, 89
268, 2, 90
269, 2, 90
270, 2, 90
271, 2, 91
272, 2, 91
273, 2, 91
274, 2, 92
275, 2, 92
276, 2, 92
277, 2, 93
278, 2, 93
279, 2, 93
280, 2, 94
281, 2, 94
282, 2, 94
283, 2, 95
284, 2, 95
285, 2, 95
286, 2, 96
287, 2, 96
288, 2, 96
289, 2, 97
290, 2, 97
291, 2, 97
292, 2, 98
293, 2, 98
294, 2, 98
295, 2, 99
296, 2, 99
297, 2, 99
298, 2, 100
299, 2, 100
300, 2, 100
301, 2, 101
302, 2, 101
303, 2, 101
304, 2, 102
305, 2, 102
306, 2, 102
307, 2, 103
308, 2, 103
309, 2, 103
310, 2, 104
311, 2, 104
312, 2, 104
313, 2, 105
314, 2, 105
315, 2, 105
316, 2, 106
317, 2, 106
318, 2, 106
319, 2, 107
320, 2, 107
321, 2, 107
322, 2, 108
323, 2, 108
324, 2, 108
325, 2, 109
326, 2, 109
327, 2, 109
328, 2, 110
329, 2, 110
330, 2, 110
331, 2, 111
332, 2, 111
333, 2, 111
334, 2, 112
335, 2, 112
336, 2, 112
337, 2, 113
338, 2, 113
339, 2, 113
340, 2, 114
341, 2, 114
342, 2, 114
343, 2, 115
344, 2, 115
345, 2, 115
346, 2, 116
347, 2, 116
348, 2, 116
349, 2, 117
350, 2, 117
351, 2, 117
352, 2, 118
353, 2, 118
354, 2, 118
355, 2, 119
356, 2, 119
357, 2, 119
358, 2, 120
359, 2, 120
360, 2, 120
361, 2, 121
362, 2, 121
363, 2, 121
364, 2, 122
365, 2, 122
366, 2, 122
367, 2, 123
368, 2, 123
369, 2, 123
370, 2, 124
371, 2, 124
372, 2, 124
373, 2, 125
374, 2, 125
375, 2, 125
376, 2, 126
377, 2, 126
378, 2, 126
379, 2, 127
380, 2, 127
381, 2, 127
382, 2, 128
383, 2, 128
384, 2, 128
385, 2, 129
386, 2, 129
387, 2, 129
388, 2, 130
389, 2, 130
390, 2, 130
391, 2, 131
392, 2, 131
393, 2, 131
394, 2, 132
395, 2, 132
396, 2, 132
397, 2, 133
398, 2, 133
399, 2, 133
400, 2, 134
401, 2, 134
402, 2, 134
403, 2, 135
404, 2, 135
405, 2, 135
406, 2, 136
407, 2, 136
408, 2, 136
409, 2, 137
410, 2, 137
411, 2, 137
412, 2, 138
413, 2, 138
414, 2, 138
415, 2, 139
416, 2, 139
417, 2, 139
418, 2, 140
419, 2, 140
420, 2, 140
421, 2, 141
422, 2, 141
423, 2, 141
424, 2, 142
425, 2, 142
426, 2, 142
427, 2, 143
428, 2, 143
429, 2, 143
430, 2, 144
431, 2, 144
432, 2, 144
433, 2, 145
434, 2, 145
435, 2, 145
436, 2, 146
437, 2, 146
438, 2, 146
439, 2, 147
440, 2, 147
441, 2, 147
442, 2, 148
443, 2, 148
444, 2, 148
445, 2, 149
446, 2, 149
447, 2, 149
448, 2, 150
449, 2, 150
450, 2, 150
451, 2, 151
452, 2, 151
453, 2, 151
454, 2, 152
455, 2, 152
456, 2, 152
457, 2, 153
458, 2, 153
459, 2, 153
460, 2, 154
461, 2, 154
462, 2, 154
463, 2, 155
464, 2, 155
465, 2, 155
466, 2, 156
467, 2, 156
468, 2, 156
469, 2, 157
470, 2, 157
471, 2, 157
472, 2, 158
473, 2, 158
474, 2, 158
475, 2, 159
476, 2, 159
477, 2, 159
478, 2, 160
479, 2, 160
480, 2, 160
481, 2, 161
482, 2, 161
483, 2, 161
484, 2, 162
485, 2, 162
486, 2, 162
487, 2, 163
488, 2, 163
489, 2, 163
490, 2, 164
491, 2, 164
492, 2, 164
493, 2, 165
494, 2, 165
495, 2, 165
496, 2, 166
497, 2, 166
498, 2, 166
499, 2, 167
500, 2, 167
501, 2, 167
502, 2, 168
503, 2, 168
504, 2, 168
505, 2, 169
506, 2, 169
507, 2, 169
508, 2, 170
509, 2, 170
510, 2, 170
511, 2, 171
512, 2, 171
513, 2, 171
514, 2, 172
515, 2, 172
516, 2, 172
517, 2, 173
518, 2, 173
519, 2, 173
520, 2, 174
521, 2, 174
522, 2, 174
523, 2, 175
524, 2, 175
525, 2, 175
526, 2, 176
527, 2, 176
528, 2, 176
529, 2, 177
530, 2, 177
531, 2, 177
532, 2, 178
533, 2, 178
534, 2, 178
535, 2, 179
536, 2, 179
537, 2, 179
538, 2, 180
539, 2, 180
540, 2, 180
541, 2, 181
542, 2, 181
543, 2, 181
544, 2, 182
545, 2, 182
546, 2, 182
547, 2, 183
548, 2, 183
549, 2, 183
550, 2, 184
551, 2, 184
552, 2, 184
553, 2, 185
554, 2, 185
555, 2, 185
556, 2, 186
557, 2, 186
558, 2, 186
559, 2, 187
560, 2, 187
561, 2, 187
562, 2, 188
563, 2, 188
564, 2, 188
565, 2, 189
566, 2, 189
567, 2, 189
568, 2, 190
569, 2, 190
570, 2, 190
571, 2, 191
572, 2, 191
573, 2, 191
574, 2, 192
575, 2, 192
576, 2, 192
577, 2, 193
578, 2, 193
579, 2, 193
1, 3, 1
2, 3, 12
3, 3, 23
4, 3, 34
5, 3, 45
6, 3, 56
7, 3, 67
8, 3, 78
9, 3, 81
10, 3, 2
11, 3, 3
12, 3, 4
13, 3, 5
14, 3, 6
15, 3, 7
16, 3, 8
17, 3, 9
18, 3, 10
19, 3, 11
20, 3, 13
21, 3, 14
22, 3, 15
23, 3, 16
24, 3, 17
25, 3, 18
26, 3, 19
27, 3, 20
28, 3, 21
29, 3, 22
30, 3, 24
31, 3, 25
32, 3, 26
33, 3, 27
34, 3, 28
35, 3, 29
36, 3, 30
37, 3, 31
38, 3, 32
39, 3, 33
40, 3, 35
41, 3, 36
42, 3, 37
43, 3, 38
44, 3, 39
45, 3, 40
46, 3, 41
47, 3, 41
48, 3, 41
49, 3, 41
50, 3, 41
51, 3, 41
52, 3, 41
53, 3, 41
54, 3, 42
55, 3, 42
56, 3, 42
57, 3, 43
58, 3, 43
59, 3, 43
60, 3, 44
61, 3, 44
62, 3, 46
63, 3, 46
64, 3, 46
65, 3, 46
66, 3, 46
67, 3, 46
68, 3, 46
69, 3, 46
70, 3, 47
71, 3, 47
72, 3, 47
73, 3, 47
74, 3, 48
75, 3, 48
76, 3, 48
77, 3, 48
78, 3, 49
79, 3, 49
80, 3, 49
81, 3, 49
82, 3, 50
83, 3, 50
84, 3, 50
85, 3, 50
86, 3, 51
87, 3, 51
88, 3, 51
89, 3, 51
90, 3, 52
91, 3, 52
92, 3, 52
93, 3, 52
94, 3, 53
95, 3, 53
96, 3, 53
97, 3, 53
98, 3, 54
99, 3, 54
100, 3, 54
101, 3, 54
102, 3, 55
103, 3, 55
104, 3, 55
105, 3, 55
106, 3, 57
107, 3, 57
108, 3, 57
109, 3, 57
110, 3, 58
111, 3, 58
112, 3, 58
113, 3, 58
114, 3, 59
115, 3, 59
116, 3, 59
117, 3, 59
118, 3, 60
119, 3, 60
120, 3, 60
121, 3, 60
122, 3, 61
123, 3, 61
124, 3, 61
125, 3, 61
126, 3, 62
127, 3, 62
128, 3, 62
129, 3, 62
130, 3, 63
131, 3, 63
132, 3, 63
133, 3, 63
134, 3, 64
135, 3, 64
136, 3, 64
137, 3, 64
138, 3, 65
139, 3, 65
140, 3, 65
141, 3, 65
142, 3, 66
143, 3, 66
144, 3, 66
145, 3, 66
146, 3, 68
147, 3, 68
148, 3, 68
149, 3, 68
150, 3, 69
151, 3, 69
152, 3, 69
153, 3, 69
154, 3, 70
155, 3, 70
156, 3, 70
157, 3, 70
158, 3, 71
159, 3, 71
160, 3, 71
161, 3, 71
162, 3, 72
163, 3, 72
164, 3, 72
165, 3, 72
166, 3, 73
167, 3, 73
168, 3, 73
169, 3, 73
170, 3, 74
171, 3, 74
172, 3, 74
173, 3, 74
174, 3, 75
175, 3, 75
176, 3, 75
177, 3, 75
178, 3, 76
179, 3, 76
180, 3, 76
181, 3, 76
182, 3, 77
183, 3, 77
184, 3, 77
185, 3, 77
186, 3, 79
187, 3, 79
188, 3, 79
189, 3, 79
190, 3, 80
191, 3, 80
192, 3, 80
193, 3, 80
1, 4, 1
2, 4, 2
3, 4, 3
4, 4, 4
5, 4, 5
6, 4, 6
7, 4, 7
8, 4, 8
9, 4, 9
10, 4, 10
11, 4, 11
12, 4, 12
13, 4, 13
14, 4, 14
15, 4, 15
16, 4, 16
17, 4, 17
18, 4, 18
19, 4, 19
20, 4, 20
21, 4, 21
22, 4, 22
23, 4, 23
24, 4, 24
25, 4, 25
26, 4, 26
27, 4, 27
28, 4, 28
29, 4, 29
30, 4, 30
31, 4, 31
32, 4, 32
33, 4, 33
34, 4, 34
35, 4, 35
36, 4, 36
37, 4, 37
38, 4, 38
39, 4, 39
40, 4, 40
41, 4, 41
42, 4, 42
43, 4, 43
44, 4, 44
45, 4, 45
46, 4, 46
47, 4, 47
48, 4, 48
49, 4, 49
50, 4, 50
51, 4, 51
52, 4, 52
53, 4, 53
54, 4, 54
55, 4, 55
56, 4, 56
57, 4, 57
58, 4, 58
59, 4, 59
60, 4, 60
61, 4, 61
62, 4, 62
63, 4, 63
64, 4, 64
65, 4, 65
66, 4, 66
67, 4, 67
68, 4, 68
69, 4, 69
70, 4, 70
71, 4, 71
72, 4, 72
73, 4, 73
74, 4, 74
75, 4, 75
76, 4, 76
77, 4, 77
78, 4, 78
79, 4, 79
80, 4, 80
81, 4, 81
1, 5, 1
2, 5, 2
3, 5, 3
4, 5, 4
5, 5, 5
6, 5, 6
7, 5, 7
8, 5, 8
9, 5, 9
10, 5, 10
11, 5, 11
12, 5, 12
13, 5, 13
14, 5, 14
15, 5, 15
16, 5, 16
17, 5, 17
18, 5, 18
19, 5, 19
20, 5, 20
21, 5, 21
22, 5, 22
23, 5, 23
24, 5, 24
25, 5, 25
26, 5, 26
27, 5, 27
28, 5, 28
29, 5, 29
30, 5, 30
31, 5, 31
32, 5, 32
33, 5, 33
34, 5, 34
35, 5, 35
36, 5, 36
37, 5, 37
38, 5, 38
39, 5, 39
40, 5, 40
41, 5, 41
42, 5, 42
43, 5, 43
44, 5, 44
45, 5, 45
46, 5, 46
47, 5, 47
48, 5, 48
49, 5, 49
50, 5, 50
51, 5, 51
52, 5, 52
53, 5, 53
54, 5, 54
55, 5, 55
56, 5, 56
57, 5, 57
58, 5, 58
59, 5, 59
60, 5, 60
61, 5, 61
62, 5, 62
63, 5, 63
64, 5, 64
65, 5, 65
66, 5, 66
67, 5, 67
68, 5, 68
69, 5, 69
70, 5, 70
71, 5, 71
72, 5, 72
73, 5, 73
74, 5, 74
75, 5, 75
76, 5, 76
77, 5, 77
78, 5, 78
79, 5, 79
80, 5, 80
81, 5, 81
