event_id,summary_id,sidx,loss
1600095,1,-1,2371.25
1600095,1,2,8282.34
1600095,1,5,7277.76
500171,1,-1,148891.28
500171,1,1,176115.22
500171,1,2,140821.78
500171,1,3,308469.12
500171,1,4,293231.97
500171,1,5,38836.88
500171,1,6,140977.92
500171,1,7,188973.88
500171,1,8,47900.14
500171,1,9,22650.56
500171,1,10,29856.16
500153,1,-1,296.22
165,1,-1,47175.39
165,1,1,20549.62
165,1,2,17602.49
165,1,3,23206.16
165,1,4,164439.97
165,1,5,31985.64
165,1,6,106677.07
1300090,1,-1,19899.16
1300090,1,2,8355.85
1300090,1,4,73320.51
1300090,1,9,81077.06
1300090,1,10,37119.87
200122,1,-1,153721.72
200122,1,1,56827.45
200122,1,2,294163.91
200122,1,3,272730.34
200122,1,4,102024.64
200122,1,5,34334.80
200122,1,6,191477.86
200122,1,7,50568.20
200122,1,8,307543.50
200122,1,9,124649.61
200122,1,10,36219.47
1800056,1,-1,347835.66
1800056,1,1,305769.97
1800056,1,2,178258.50
1800056,1,3,369977.09
1800056,1,4,432920.03
1800056,1,5,494207.44
1800056,1,6,231489.73
1800056,1,7,288378.78
1800056,1,8,395914.41
1800056,1,9,608145.88
1800056,1,10,157520.91
1500076,1,-1,26096.49
1500076,1,1,13603.54
1500076,1,3,30850.48
1500076,1,4,25075.80
1500076,1,5,54707.01
1500076,1,8,11762.99
1500076,1,9,11723.87
1500076,1,10,98560.92
300055,1,-1,39522.80
300055,1,1,39435.33
300055,1,5,18932.12
300055,1,7,7138.16
300055,1,8,48783.82
300055,1,10,86878.97
1000068,1,-1,147539.36
1000068,1,1,226867.75
1000068,1,2,155417.86
1000068,1,3,251730.44
1000068,1,4,50665.54
1000068,1,5,95564.40
1000068,1,6,170645.66
1000068,1,7,63027.00
1000068,1,8,68684.13
1000068,1,9,121651.04
1000068,1,10,258927.12
1400040,1,-1,294425.16
1400040,1,1,312650.25
1400040,1,2,107531.10
1400040,1,3,537538.50
1400040,1,4,51653.23
1400040,1,5,151777.25
1400040,1,6,136931.81
1400040,1,7,318542.81
1400040,1,8,275639.50
1400040,1,9,205295.22
1400040,1,10,184906.17
1800190,1,-1,592.46
163,1,-1,296.22
1000112,1,-1,3997.06
1000112,1,9,11880.98
2000179,1,-1,330.68
500228,1,-1,100290.20
500228,1,1,95403.08
500228,1,2,200109.47
500228,1,3,94420.00
500228,1,4,176809.59
500228,1,5,84543.41
500228,1,7,161194.95
500228,1,8,155132.83
500228,1,9,102780.30
500228,1,10,52431.46
1100122,1,-1,91841.62
1100122,1,1,10915.28
1100122,1,2,96098.48
1100122,1,3,442289.06
1100122,1,4,109758.88
1100122,1,5,101155.72
1100122,1,6,97737.81
1100122,1,7,55028.61
1100122,1,8,68693.28
1100122,1,9,32647.46
1100122,1,10,30143.57
2000181,1,-1,384.68
600024,1,-1,90784.98
600024,1,1,151453.38
600024,1,2,113207.02
600024,1,3,13981.51
600024,1,4,118585.59
600024,1,5,149019.69
600024,1,6,29096.88
600024,1,7,238914.45
600024,1,8,144788.09
600024,1,9,92106.75
600024,1,10,330516.06
1400006,1,-1,83527.04
1400006,1,1,80599.65
1400006,1,2,54710.75
1400006,1,3,6768.69
1400006,1,4,66078.66
1400006,1,5,51355.12
1400006,1,6,100875.25
1400006,1,7,283733.38
1400006,1,8,60661.34
1400006,1,9,98443.22
1400006,1,10,113969.50
1800288,1,-1,55123.59
1800288,1,1,144391.28
1800288,1,2,22164.15
1800288,1,6,70648.66
1800288,1,8,29687.25
1800288,1,9,49440.06
1800288,1,10,28195.96
1200148,1,-1,117632.86
1200148,1,1,37246.12
1200148,1,2,478403.75
1200148,1,3,299686.06
1200148,1,4,143879.47
1200148,1,5,325626.53
1200148,1,6,77519.83
1200148,1,7,23161.22
1200148,1,8,78598.35
1200148,1,9,278501.97
1200148,1,10,164771.88
500097,1,-1,147706.92
500097,1,2,243101.25
500097,1,3,197651.66
500097,1,4,94313.97
500097,1,5,214306.19
500097,1,6,104795.56
500097,1,7,129669.73
500097,1,8,64182.68
500097,1,9,201662.20
300229,1,-1,66826.41
300229,1,1,52082.79
300229,1,2,67992.65
300229,1,3,51431.53
300229,1,6,72523.36
300229,1,7,84287.06
300229,1,8,113703.55
300229,1,9,154245.94
1300265,1,-1,100739.50
1300265,1,1,11703.05
1300265,1,2,96940.66
1300265,1,3,30603.36
1300265,1,4,24729.34
1300265,1,5,68579.23
1300265,1,6,70820.09
1300265,1,7,78217.91
1300265,1,8,72909.04
1300265,1,9,91064.67
1300265,1,10,70369.89
1700189,1,-1,48824.36
1700189,1,1,117953.99
1700189,1,2,64854.23
1700189,1,3,44152.90
1700189,1,5,558301.81
1700189,1,6,37624.54
1700189,1,8,19420.76
1700189,1,9,72532.12
1700189,1,10,4086.74
1400019,1,-1,292477.31
1400019,1,1,131361.27
1400019,1,2,246457.00
1400019,1,3,174371.53
1400019,1,4,187776.69
1400019,1,5,243835.44
1400019,1,6,340010.25
1400019,1,7,591224.00
1400019,1,8,381829.12
1400019,1,9,332550.56
1400019,1,10,172608.20
1900157,1,-1,136965.22
1900157,1,1,57690.06
1900157,1,2,44109.25
1900157,1,3,145014.84
1900157,1,4,79247.07
1900157,1,5,112796.81
1900157,1,6,147586.88
1900157,1,7,178581.52
1900157,1,8,66925.95
1900157,1,9,94106.92
1900157,1,10,121951.16
1600146,1,-1,172486.42
1600146,1,1,264087.00
1600146,1,2,295985.66
1600146,1,3,208667.56
1600146,1,4,251786.81
1600146,1,5,54354.02
1600146,1,6,118696.64
1600146,1,7,210429.48
1600146,1,8,262132.48
1600146,1,9,103714.05
1600146,1,10,85865.55
1400201,1,-1,92930.67
1400201,1,1,78974.71
1400201,1,2,96179.70
1400201,1,3,163750.09
1400201,1,4,42620.93
1400201,1,6,146120.05
1400201,1,7,50604.93
1400201,1,8,137018.36
1400201,1,9,119333.29
1400201,1,10,124122.08
600063,1,-1,22515.76
600063,1,1,43970.01
600063,1,2,34288.25
600063,1,6,42713.46
600063,1,7,82083.59
600063,1,10,52952.14
500219,1,-1,168844.78
500219,1,1,134410.30
500219,1,2,43474.43
500219,1,3,8556.13
500219,1,4,107566.63
500219,1,5,166274.22
500219,1,6,195080.25
500219,1,7,143541.48
500219,1,8,5684.44
500219,1,9,318617.28
500219,1,10,139175.05
1500234,1,-1,65507.56
1500234,1,1,99517.77
1500234,1,2,17529.41
1500234,1,3,75109.73
1500234,1,4,57992.07
1500234,1,5,29919.20
1500234,1,6,26973.78
1500234,1,7,131874.00
1500234,1,9,61081.21
1500234,1,10,114639.98
26,1,-1,84438.37
26,1,1,158929.98
26,1,2,80984.62
26,1,3,14739.32
26,1,4,97120.98
26,1,5,120088.98
26,1,6,85726.05
26,1,7,94550.29
26,1,8,67255.98
26,1,9,73669.48
26,1,10,34485.13
100260,1,-1,2204.29
100260,1,1,11953.41
100260,1,7,29772.83
100260,1,10,7713.87
2000227,1,-1,130541.52
2000227,1,1,167900.73
2000227,1,2,185118.89
2000227,1,3,35868.01
2000227,1,4,286117.59
2000227,1,5,271892.09
2000227,1,6,144904.56
2000227,1,7,75717.86
2000227,1,8,79596.51
2000227,1,9,99127.41
2000227,1,10,370359.88
1800279,1,-1,101876.27
1800279,1,1,106998.01
1800279,1,2,147553.62
1800279,1,4,133295.03
1800279,1,5,66302.55
1800279,1,6,250470.12
1800279,1,7,80540.90
1800279,1,8,84342.84
1800279,1,9,196767.97
1800279,1,10,127893.78
600210,1,-1,72789.72
600210,1,1,35428.11
600210,1,2,31174.49
600210,1,3,122485.74
600210,1,4,42147.76
600210,1,5,49035.54
600210,1,7,55891.72
600210,1,8,37777.59
600210,1,9,5810.17
600210,1,10,81752.70
2000074,1,-1,718.80
600119,1,-1,33668.50
600119,1,2,67293.25
600119,1,5,65621.77
600119,1,6,80049.43
600119,1,10,101209.05
56,1,-1,102988.12
56,1,1,96295.27
56,1,2,79271.98
56,1,3,15498.96
56,1,4,50168.80
56,1,5,149318.05
56,1,6,583096.12
56,1,7,120210.18
56,1,8,41679.85
56,1,9,133003.25
56,1,10,120367.23
900335,1,-1,269.29
200162,1,-1,38145.17
200162,1,1,59805.71
200162,1,2,65255.84
200162,1,3,51684.18
200162,1,4,62157.32
200162,1,7,21444.52
200162,1,8,53825.68
200162,1,10,50923.21
800069,1,-1,550.26
900315,1,-1,13.75
1300291,1,-1,107587.81
1300291,1,1,138876.25
1300291,1,2,49087.62
1300291,1,3,115151.67
1300291,1,4,33194.73
1300291,1,6,138468.80
1300291,1,7,27140.42
1300291,1,8,181301.64
1300291,1,9,133182.11
1300291,1,10,95286.25
283,1,-1,99101.54
283,1,1,98748.43
283,1,2,19942.55
283,1,3,102785.98
283,1,4,48410.39
283,1,5,98352.92
283,1,6,68293.52
283,1,7,39860.57
283,1,8,295887.94
283,1,9,187518.03
283,1,10,110525.39
200196,1,-1,13765.58
200196,1,4,10787.21
328,1,-1,51947.63
328,1,1,19989.68
328,1,2,106376.81
328,1,3,15759.30
328,1,4,81516.91
328,1,5,115953.10
328,1,6,34119.35
328,1,7,4930.37
328,1,9,44853.04
328,1,10,29858.98
1400266,1,-1,19863.19
1400266,1,1,69267.28
1400266,1,8,83475.88
500170,1,-1,8966.38
500170,1,1,48492.69
500170,1,3,36603.08
700258,1,-1,152923.41
700258,1,1,77886.87
700258,1,2,150632.70
700258,1,3,52719.50
700258,1,4,211079.45
700258,1,5,218491.25
700258,1,6,178904.05
700258,1,7,109428.89
700258,1,8,97671.41
700258,1,9,130238.88
700258,1,10,169965.44
800276,1,-1,155705.25
800276,1,1,44414.97
800276,1,2,302752.56
800276,1,3,228871.06
800276,1,4,326636.34
800276,1,5,693153.62
800276,1,6,161793.25
800276,1,7,70437.03
800276,1,8,240688.62
800276,1,9,234078.81
800276,1,10,140150.19
700288,1,-1,119776.40
700288,1,1,277077.12
700288,1,2,106309.57
700288,1,3,432975.00
700288,1,4,263021.53
700288,1,5,264755.91
700288,1,7,93545.84
700288,1,8,96304.38
700288,1,9,87401.46
700288,1,10,228117.91
800019,1,-1,2949.77
262,1,-1,130248.88
262,1,1,290240.91
262,1,2,20526.33
262,1,3,50652.93
262,1,4,213973.62
262,1,5,148156.59
262,1,6,223611.03
262,1,7,149449.52
262,1,8,298712.34
262,1,9,99152.23
262,1,10,39104.08
1200036,1,-1,101914.92
1200036,1,1,59216.62
1200036,1,2,89056.42
1200036,1,3,434675.88
1200036,1,4,115340.94
1200036,1,5,78988.34
1200036,1,6,127966.44
1200036,1,7,66481.96
1200036,1,8,154008.89
1200036,1,9,62712.61
1200036,1,10,116061.45
1500213,1,-1,52222.43
1500213,1,1,28509.65
1500213,1,2,20734.54
1500213,1,3,10236.56
1500213,1,4,9526.31
1500213,1,5,81016.71
1500213,1,8,94672.50
1500213,1,9,7202.68
2100258,1,-1,7644.18
2100258,1,1,3885.92
2100258,1,2,9709.30
2100258,1,5,5089.49
2100258,1,8,8065.47
2100258,1,9,2845.97
2100258,1,10,2347.19
600241,1,-1,38024.76
600241,1,2,63163.81
600241,1,3,140835.86
600241,1,4,25869.73
300187,1,-1,493.72
1900011,1,-1,41304.34
1900011,1,1,41733.64
1900011,1,2,30773.69
1900011,1,3,73742.79
1900011,1,4,166830.89
1900011,1,7,34225.29
1900011,1,8,44129.31
1900011,1,9,26553.36
1900011,1,10,30356.76
300222,1,-1,103485.62
300222,1,1,39566.11
300222,1,2,178772.23
300222,1,3,183508.86
300222,1,4,92662.73
300222,1,5,42074.62
300222,1,6,101245.88
300222,1,7,33231.61
300222,1,8,96440.30
300222,1,9,82882.58
300222,1,10,122865.19
2100176,1,-1,159788.83
2100176,1,1,108904.61
2100176,1,2,285953.12
2100176,1,3,228974.83
2100176,1,4,287759.19
2100176,1,5,99537.94
2100176,1,6,327847.53
2100176,1,7,174370.38
2100176,1,9,175186.53
2100176,1,10,202306.03
153,1,-1,11490.48
153,1,1,8142.09
153,1,3,20816.35
153,1,5,9348.71
153,1,6,14921.85
153,1,7,62135.94
600148,1,-1,3992.73
600148,1,4,4058.20
600148,1,6,100755.28
600148,1,8,9599.64
1700197,1,-1,9343.84
1700197,1,1,25801.10
1700197,1,3,70781.07
1700197,1,4,28987.54
1700197,1,6,17748.20
1400302,1,-1,82149.59
1400302,1,1,57216.05
1400302,1,2,7215.03
1400302,1,3,114492.09
1400302,1,4,48046.66
1400302,1,5,127877.19
1400302,1,6,84676.03
1400302,1,7,355917.53
1400302,1,8,29416.50
1400302,1,9,79642.72
1400302,1,10,69417.63
2100126,1,-1,265113.75
2100126,1,1,352284.28
2100126,1,2,232494.08
2100126,1,3,190167.39
2100126,1,4,804801.06
2100126,1,5,166464.41
2100126,1,6,255499.88
2100126,1,7,298166.31
2100126,1,8,217833.59
2100126,1,9,347799.81
2100126,1,10,77111.89
1400184,1,-1,299901.34
1400184,1,1,275481.78
1400184,1,2,157428.23
1400184,1,3,208382.31
1400184,1,4,159829.16
1400184,1,5,227018.31
1400184,1,6,281091.56
1400184,1,7,93579.18
1400184,1,8,315092.91
1400184,1,9,428814.00
1400184,1,10,282846.72
1500123,1,-1,3823.34
1500123,1,9,3259.80
1600202,1,-1,133838.47
1600202,1,2,164641.52
1600202,1,3,6870.83
1600202,1,4,68962.41
1600202,1,5,255711.03
1600202,1,7,58898.58
1600202,1,8,196863.05
1600202,1,9,245926.89
1600202,1,10,166766.23
1000050,1,-1,234279.05
1000050,1,1,586996.19
1000050,1,2,164610.12
1000050,1,3,225628.97
1000050,1,4,187724.00
1000050,1,5,177461.27
1000050,1,6,110096.70
1000050,1,7,173185.72
1000050,1,8,206431.31
1000050,1,9,310926.34
1000050,1,10,402979.50
500232,1,-1,98539.17
500232,1,1,52064.90
500232,1,2,322253.00
500232,1,3,25130.76
500232,1,4,31865.83
500232,1,5,65516.04
500232,1,6,107342.62
500232,1,7,33792.00
500232,1,8,29412.21
500232,1,9,123979.98
500232,1,10,5115.92
1600203,1,-1,103588.28
1600203,1,1,296404.19
1600203,1,2,100748.07
1600203,1,3,57044.93
1600203,1,4,228402.73
1600203,1,5,48156.37
1600203,1,6,226761.12
1600203,1,7,238709.77
1600203,1,8,22414.48
1600203,1,9,77673.48
1600203,1,10,136402.33
1300118,1,-1,65984.41
1300118,1,2,21224.39
1300118,1,4,90071.37
1300118,1,5,60196.41
1300118,1,6,119277.64
1300118,1,7,130502.80
1300118,1,8,76312.36
1300118,1,9,79412.23
1300118,1,10,79154.13
100211,1,-1,389816.16
100211,1,1,604499.50
100211,1,2,411067.78
100211,1,3,479342.88
100211,1,4,384781.34
100211,1,5,401335.69
100211,1,6,689657.94
100211,1,7,222808.59
100211,1,8,292502.19
100211,1,9,563557.38
100211,1,10,665426.75
284,1,-1,16961.89
284,1,1,61302.91
284,1,4,81541.62
284,1,5,35520.88
284,1,7,42437.75
284,1,9,60238.00
300185,1,-1,6397.67
300185,1,6,9714.79
300185,1,8,19127.48
300185,1,9,7633.13
1700247,1,-1,112093.94
1700247,1,1,7324.64
1700247,1,2,178266.95
1700247,1,3,50149.76
1700247,1,4,167513.36
1700247,1,5,7941.76
1700247,1,6,219394.50
1700247,1,7,163995.75
1700247,1,8,170275.66
1700247,1,9,61527.40
1700247,1,10,292235.03
1900284,1,-1,235998.34
1900284,1,1,234863.66
1900284,1,2,78425.72
1900284,1,3,258753.97
1900284,1,4,174440.75
1900284,1,5,494984.50
1900284,1,6,179330.50
1900284,1,7,214840.05
1900284,1,8,846693.31
1900284,1,9,218075.77
1900284,1,10,365481.00
2100123,1,-1,7969.12
2100123,1,6,55754.31
2000311,1,-1,129106.62
2000311,1,1,49924.83
2000311,1,2,86013.70
2000311,1,3,203737.88
2000311,1,4,53893.40
2000311,1,5,206435.34
2000311,1,6,131093.00
2000311,1,7,108698.71
2000311,1,8,158981.19
2000311,1,9,160090.48
2000311,1,10,118790.41
1800079,1,-1,156766.16
1800079,1,1,120262.97
1800079,1,2,512674.44
1800079,1,3,47120.61
1800079,1,4,323261.28
1800079,1,5,192526.95
1800079,1,6,236086.55
1800079,1,7,154442.91
1800079,1,8,196856.66
1800079,1,9,266786.41
1800079,1,10,42664.51
1900159,1,-1,182196.59
1900159,1,1,199136.83
1900159,1,2,65569.83
1900159,1,3,156725.14
1900159,1,4,119757.73
1900159,1,5,320148.78
1900159,1,6,307512.72
1900159,1,7,52603.88
1900159,1,8,263090.19
1900159,1,9,253243.91
1900159,1,10,212740.84
1400202,1,-1,181888.34
1400202,1,1,89023.22
1400202,1,2,27728.35
1400202,1,3,203820.78
1400202,1,4,118717.34
1400202,1,5,450637.12
1400202,1,6,95853.66
1400202,1,7,5447.47
1400202,1,8,61287.66
1400202,1,9,179355.95
1400202,1,10,332266.78
1800150,1,-1,87432.60
1800150,1,1,42494.48
1800150,1,2,70565.23
1800150,1,5,66067.34
1800150,1,6,53074.81
1800150,1,7,33171.54
1800150,1,8,6442.94
1800150,1,9,150572.69
1800150,1,10,64885.62
1500215,1,-1,79405.45
1500215,1,1,111610.93
1500215,1,2,86557.75
1500215,1,3,46625.11
1500215,1,4,77445.85
1500215,1,5,48787.04
1500215,1,6,66499.12
1500215,1,7,97740.69
1500215,1,8,47227.39
1500215,1,9,157721.78
1500215,1,10,91091.64
1900246,1,-1,35330.15
1900246,1,1,358599.62
1900246,1,2,4659.75
1900246,1,3,91104.89
1900246,1,8,49122.41
1900246,1,9,53386.22
1900246,1,10,540373.62
1800270,1,-1,9543.58
1800270,1,1,116859.37
1800270,1,10,86257.70
800140,1,-1,134869.91
800140,1,1,59684.00
800140,1,2,88770.27
800140,1,3,130051.11
800140,1,4,93181.27
800140,1,5,47844.87
800140,1,6,53587.79
800140,1,7,65332.31
800140,1,8,74279.28
800140,1,9,428522.94
800140,1,10,195097.38
700163,1,-1,98983.70
700163,1,1,14681.13
700163,1,2,121177.08
700163,1,3,23266.70
700163,1,4,116571.80
700163,1,5,24049.95
700163,1,7,89225.45
700163,1,8,92189.05
700163,1,9,149931.77
700163,1,10,79110.89
1900105,1,-1,311.53
1900105,1,3,6433.51
1700028,1,-1,28536.64
1700028,1,2,18461.11
1700028,1,6,29525.46
300329,1,-1,114497.55
300329,1,1,71700.17
300329,1,2,79882.88
300329,1,3,39140.16
300329,1,4,116263.80
300329,1,5,31219.79
300329,1,6,46948.76
300329,1,7,135447.77
300329,1,8,113714.06
300329,1,9,6759.19
300329,1,10,64431.89
1700128,1,-1,236134.11
1700128,1,1,79460.28
1700128,1,2,144187.78
1700128,1,3,261559.00
1700128,1,4,124351.61
1700128,1,5,317363.19
1700128,1,6,331219.97
1700128,1,7,377986.84
1700128,1,8,113021.52
1700128,1,9,139220.27
1700128,1,10,296643.91
2100210,1,-1,242240.52
2100210,1,1,259685.62
2100210,1,2,398641.62
2100210,1,3,174795.16
2100210,1,4,389279.69
2100210,1,5,180779.61
2100210,1,6,336494.47
2100210,1,7,77087.66
2100210,1,8,299177.00
2100210,1,9,118614.20
2100210,1,10,401692.38
300170,1,-1,116355.62
300170,1,1,252156.91
300170,1,2,192909.12
300170,1,3,363621.66
300170,1,4,41339.18
300170,1,5,156616.47
300170,1,6,34145.09
300170,1,7,303714.34
300170,1,8,157920.77
300170,1,9,180105.73
300170,1,10,89673.09
1700109,1,-1,68340.83
1700109,1,1,52553.85
1700109,1,2,96640.96
1700109,1,3,51514.25
1700109,1,4,47974.77
1700109,1,6,73252.10
1700109,1,7,55134.74
1700109,1,8,104034.36
1700109,1,9,53178.83
1700109,1,10,19987.87
600168,1,-1,25867.56
600168,1,1,29891.65
600168,1,3,22398.86
600168,1,6,4250.24
600168,1,7,90036.35
600168,1,9,10994.01
600168,1,10,54414.56
1800272,1,-1,75305.72
1800272,1,1,163578.30
1800272,1,2,38601.45
1800272,1,3,67882.22
1800272,1,5,124693.42
1800272,1,6,100509.88
1800272,1,7,117588.09
1800272,1,8,12648.95
1800272,1,9,16266.22
1800272,1,10,62425.52
600225,1,-1,223856.31
600225,1,1,520861.41
600225,1,2,295338.50
600225,1,3,152927.33
600225,1,4,308479.38
600225,1,5,232157.16
600225,1,6,102503.64
600225,1,7,171872.78
600225,1,8,113723.34
600225,1,9,57261.79
600225,1,10,207626.95
700301,1,-1,202821.81
700301,1,1,188192.56
700301,1,2,33237.71
700301,1,3,276887.97
700301,1,4,117724.74
700301,1,5,153815.38
700301,1,6,205738.30
700301,1,7,121034.67
700301,1,8,190677.69
700301,1,9,119588.21
700301,1,10,74244.28
93,1,-1,128713.40
93,1,1,201495.23
93,1,2,37347.67
93,1,3,185951.25
93,1,4,133113.12
93,1,5,122762.16
93,1,6,245190.48
93,1,7,72332.69
93,1,8,266034.06
93,1,9,520544.50
93,1,10,247944.39
600138,1,-1,4511.60
600138,1,7,14044.67
600138,1,10,13454.41
42,1,-1,283761.94
42,1,1,303565.62
42,1,2,205259.00
42,1,3,287029.66
42,1,4,318351.72
42,1,5,156146.02
42,1,6,339545.28
42,1,7,261587.12
42,1,8,372940.94
42,1,9,263438.34
42,1,10,182087.33
1300312,1,-1,98027.08
1300312,1,2,236868.78
1300312,1,4,129687.86
1300312,1,5,98668.73
1300312,1,6,93264.52
1300312,1,7,104821.67
1300312,1,8,162832.22
1300312,1,9,48838.46
300062,1,-1,78208.91
300062,1,1,102893.59
300062,1,2,37915.27
300062,1,3,9214.85
300062,1,4,98815.48
300062,1,5,40004.73
300062,1,6,55648.43
300062,1,7,140024.70
300062,1,8,80297.88
300062,1,9,50517.18
300062,1,10,62778.66
200341,1,-1,2930.37
200341,1,5,104939.77
1800158,1,-1,150739.91
1800158,1,1,29206.13
1800158,1,2,72766.88
1800158,1,3,216852.72
1800158,1,4,72272.59
1800158,1,5,46901.96
1800158,1,6,93152.72
1800158,1,7,280026.38
1800158,1,8,91023.43
1800158,1,9,67568.77
1800158,1,10,262403.88
1900084,1,-1,47699.53
1900084,1,2,64840.26
1900084,1,3,125733.37
1900084,1,4,76143.16
1900084,1,5,3470.34
1900084,1,6,83416.11
1900084,1,7,27756.40
1900084,1,8,37774.41
1900084,1,9,29539.18
1900084,1,10,28189.60
300300,1,-1,18157.27
300300,1,8,96789.30
900233,1,-1,375819.47
900233,1,1,375610.81
900233,1,2,273210.75
900233,1,3,456303.97
900233,1,4,273703.34
900233,1,5,414303.62
900233,1,6,279251.59
900233,1,7,215562.03
900233,1,8,548810.44
900233,1,9,500467.38
900233,1,10,426224.12
1400273,1,-1,76058.88
1400273,1,1,108270.25
1400273,1,3,104116.34
1400273,1,4,165192.41
1400273,1,5,114746.14
1400273,1,6,148810.53
1400273,1,7,85235.52
1400273,1,8,55475.79
1400273,1,9,84281.48
1400273,1,10,237383.92
1100033,1,-1,59522.72
1100033,1,2,58085.09
1100033,1,3,86733.23
1100033,1,5,79979.52
1100033,1,6,27566.94
1100033,1,7,78798.50
1100033,1,8,131415.97
1100033,1,9,103142.75
1100215,1,-1,23837.05
1100215,1,1,11521.69
1100215,1,4,21445.55
1100215,1,5,35629.57
1100215,1,6,31021.52
1100215,1,7,40267.84
1100215,1,8,76472.28
1100215,1,9,44399.52
800210,1,-1,90146.98
800210,1,1,66148.04
800210,1,3,105622.04
800210,1,4,170257.23
800210,1,5,109391.28
800210,1,6,39239.80
800210,1,7,83143.02
800210,1,8,558.42
800210,1,9,199329.88
800210,1,10,63285.80
400080,1,-1,65720.46
400080,1,1,34470.97
400080,1,2,89093.09
400080,1,3,67265.46
400080,1,4,15927.73
400080,1,5,68017.59
400080,1,6,8867.52
400080,1,10,125275.22
1700243,1,-1,15255.50
1700243,1,2,41433.81
1700243,1,6,43232.08
100067,1,-1,377.00
100067,1,2,15050.70
900082,1,-1,4883.21
900082,1,2,19289.29
900082,1,4,34266.23
700303,1,-1,2020.97
700303,1,3,53855.95
1300050,1,-1,484.73
700055,1,-1,493.72
1400054,1,-1,8623.82
1400054,1,7,11378.79
2000310,1,-1,41379.15
2000310,1,1,100771.19
2000310,1,2,196705.30
2000310,1,3,26330.78
2000310,1,5,81463.96
2000310,1,6,16460.35
2000310,1,10,103912.72
1900286,1,-1,135309.50
1900286,1,2,352965.81
1900286,1,3,150548.94
1900286,1,4,61518.85
1900286,1,5,87450.72
1900286,1,6,17941.66
1900286,1,7,95266.75
1900286,1,8,125826.47
1900286,1,9,123489.30
1900286,1,10,166821.67
600279,1,-1,135540.89
600279,1,1,181542.50
600279,1,2,168852.84
600279,1,3,153914.98
600279,1,4,213965.58
600279,1,5,240531.11
600279,1,6,165913.50
600279,1,7,119649.31
600279,1,8,140394.77
600279,1,9,124074.30
600279,1,10,94100.16
1300074,1,-1,2012.44
1300074,1,9,50620.98
800012,1,-1,3640.56
800012,1,4,602.65
1200118,1,-1,139727.86
1200118,1,1,50784.61
1200118,1,2,115008.83
1200118,1,3,192967.78
1200118,1,4,116581.64
1200118,1,5,114204.06
1200118,1,6,308834.31
1200118,1,7,230305.34
1200118,1,8,230341.98
1200118,1,9,66020.00
1200118,1,10,195208.55
1800081,1,-1,1944.13
600198,1,-1,3163.37
1300250,1,-1,110227.82
1300250,1,1,81223.86
1300250,1,2,92188.84
1300250,1,3,69825.55
1300250,1,4,129183.09
1300250,1,5,42048.89
1300250,1,6,65161.01
1300250,1,7,30483.60
1300250,1,8,108003.48
1300250,1,9,44819.43
1300250,1,10,118809.38
119,1,-1,176221.91
119,1,1,152646.48
119,1,2,108067.38
119,1,3,186519.78
119,1,4,103383.70
119,1,5,213846.56
119,1,6,100810.03
119,1,7,197982.94
119,1,8,156854.69
119,1,9,268303.22
119,1,10,83938.36
200324,1,-1,80429.16
200324,1,1,100320.06
200324,1,2,27866.42
200324,1,3,76293.39
200324,1,4,11296.79
200324,1,5,45052.79
200324,1,7,34987.19
200324,1,8,93639.41
200324,1,9,6501.12
200324,1,10,17589.46
1100149,1,-1,296.22
1600087,1,-1,12728.96
1600087,1,2,52622.80
1600087,1,9,113900.25
1800064,1,-1,31858.41
1800064,1,1,20720.17
1800064,1,2,14619.42
1800064,1,3,13780.74
1800064,1,4,32476.38
1800064,1,5,23650.41
1800064,1,8,37269.96
900203,1,-1,165804.22
900203,1,1,218455.94
900203,1,2,95470.21
900203,1,3,213440.00
900203,1,4,447109.94
900203,1,5,73038.34
900203,1,6,117848.95
900203,1,7,223147.25
900203,1,8,207681.44
900203,1,9,163702.89
900203,1,10,125409.47
2100223,1,-1,70177.23
2100223,1,1,181835.27
2100223,1,2,81723.66
2100223,1,4,39724.86
2100223,1,5,55672.53
2100223,1,7,97108.17
2100223,1,8,45490.62
2100223,1,9,75152.01
2100223,1,10,85687.44
100228,1,-1,24730.93
100228,1,3,248164.78
100228,1,4,99186.91
100228,1,8,100722.52
2100013,1,-1,3661.91
1800211,1,-1,109880.67
1800211,1,1,112083.45
1800211,1,2,105728.62
1800211,1,3,14393.11
1800211,1,4,20386.09
1800211,1,5,118868.34
1800211,1,6,293405.59
1800211,1,7,121076.72
1800211,1,9,116862.36
1800211,1,10,158764.00
125,1,-1,16075.41
125,1,3,36010.41
125,1,4,771.36
125,1,7,11560.88
125,1,8,57404.94
125,1,9,31176.32
125,1,10,10636.22
217,1,-1,109636.82
217,1,1,258613.72
217,1,2,133734.28
217,1,3,119401.72
217,1,4,228026.72
217,1,6,198561.19
217,1,7,77565.26
217,1,8,111991.77
217,1,9,148820.59
1500190,1,-1,1777.26
200098,1,-1,79904.27
200098,1,1,83566.69
200098,1,2,42410.43
200098,1,4,78616.44
200098,1,6,136983.05
200098,1,7,106268.45
200098,1,8,37219.44
200098,1,9,155019.62
139,1,-1,4114.99
139,1,9,7213.70
900124,1,-1,430.26
900124,1,8,17400.72
1500167,1,-1,562.57
1800201,1,-1,65852.54
1800201,1,1,60732.18
1800201,1,2,119142.44
1800201,1,3,104495.66
1800201,1,4,90338.86
1800201,1,5,166698.47
1800201,1,6,42376.40
1800201,1,7,113041.06
1800201,1,9,113265.47
1800201,1,10,57720.89
1400009,1,-1,284003.88
1400009,1,1,208856.17
1400009,1,2,244597.66
1400009,1,3,123785.48
1400009,1,4,182247.28
1400009,1,5,389493.28
1400009,1,6,38046.47
1400009,1,7,159344.62
1400009,1,8,380164.16
1400009,1,9,369617.09
1400009,1,10,82069.92
100110,1,-1,1538.38
1500246,1,-1,26612.56
1500246,1,1,49859.88
1500246,1,3,186.40
1500246,1,5,28410.55
1500246,1,8,43082.69
1500246,1,9,18104.37
400222,1,-1,94398.46
400222,1,1,329307.56
400222,1,2,45438.41
400222,1,3,322919.97
400222,1,4,99575.78
400222,1,5,52841.18
400222,1,6,99883.98
400222,1,7,182294.52
400222,1,8,18510.78
400222,1,9,64046.95
400222,1,10,75102.66
400021,1,-1,358540.38
400021,1,1,130762.59
400021,1,2,285064.25
400021,1,3,420718.41
400021,1,4,269224.78
400021,1,5,497375.19
400021,1,6,210276.34
400021,1,7,229829.91
400021,1,8,223243.69
400021,1,9,101449.41
400021,1,10,356937.22
500291,1,-1,140784.31
500291,1,1,74483.82
500291,1,2,115575.55
500291,1,3,41328.42
500291,1,4,17393.79
500291,1,5,263451.56
500291,1,6,20447.57
500291,1,7,244523.30
500291,1,8,154394.38
500291,1,9,76208.27
500291,1,10,285931.34
800270,1,-1,114946.84
800270,1,1,324611.69
800270,1,2,84237.37
800270,1,5,128669.84
800270,1,6,177019.03
800270,1,7,113618.20
800270,1,8,87527.04
800270,1,9,56691.47
800270,1,10,229719.16
100221,1,-1,133866.11
100221,1,1,132900.56
100221,1,2,138760.56
100221,1,3,250221.42
100221,1,4,207151.64
100221,1,5,133335.77
100221,1,6,211136.00
100221,1,7,121136.07
100221,1,8,142466.73
100221,1,9,310130.75
100221,1,10,85649.52
200306,1,-1,59318.93
200306,1,1,41423.04
200306,1,2,84519.16
200306,1,3,68342.27
200306,1,4,82667.27
200306,1,5,22126.46
200306,1,6,153250.56
200306,1,7,27039.40
200306,1,8,92698.41
200306,1,9,79130.97
200306,1,10,27284.00
316,1,-1,286865.75
316,1,1,310907.72
316,1,2,425777.50
316,1,3,398588.91
316,1,4,710297.12
316,1,5,224968.03
316,1,6,196977.53
316,1,7,94141.10
316,1,8,255048.38
316,1,9,181024.97
316,1,10,36481.95
800258,1,-1,90376.02
800258,1,1,67740.55
800258,1,2,62434.39
800258,1,3,160733.11
800258,1,4,49965.22
800258,1,5,102144.42
800258,1,6,186182.34
800258,1,7,114303.12
800258,1,8,60692.67
800258,1,9,124465.89
800258,1,10,67830.63
1700232,1,-1,4192.76
1700232,1,3,29080.50
1500267,1,-1,4638.87
1500267,1,3,42690.24
1100052,1,-1,113252.20
1100052,1,1,363991.25
1100052,1,2,77502.84
1100052,1,3,48511.61
1100052,1,4,28897.48
1100052,1,5,241472.88
1100052,1,6,90976.72
1100052,1,7,135416.77
1100052,1,8,11003.16
1100052,1,9,56918.94
1100052,1,10,235625.19
2000180,1,-1,166863.97
2000180,1,1,70965.17
2000180,1,2,138769.50
2000180,1,3,241421.95
2000180,1,4,156535.44
2000180,1,5,94951.25
2000180,1,6,49434.29
2000180,1,7,228683.39
2000180,1,8,195373.78
2000180,1,9,75522.05
2000180,1,10,185219.52
300033,1,-1,120213.00
300033,1,1,32811.44
300033,1,2,106953.75
300033,1,3,6636.80
300033,1,4,89665.78
300033,1,5,195187.62
300033,1,6,259535.88
300033,1,7,280513.88
300033,1,8,92693.50
300033,1,9,135807.80
300033,1,10,128953.98
900022,1,-1,127745.02
900022,1,1,182936.03
900022,1,2,168016.39
900022,1,3,101814.19
900022,1,4,151210.30
900022,1,5,198700.83
900022,1,6,28247.54
900022,1,7,133953.73
900022,1,8,204222.44
900022,1,9,149080.02
900022,1,10,139732.73
1900009,1,-1,10393.22
198,1,-1,2822.73
198,1,1,69790.45
198,1,8,46181.70
2100220,1,-1,571.34
2100220,1,7,16072.33
1000285,1,-1,71093.19
1000285,1,1,152589.58
1000285,1,2,38067.32
1000285,1,3,35666.62
1000285,1,4,26963.31
1000285,1,5,46784.89
1000285,1,6,135352.59
1000285,1,7,102562.97
1000285,1,8,87701.27
1000285,1,9,94834.25
1000285,1,10,62594.10
138,1,-1,120128.77
138,1,1,153411.00
138,1,2,51763.20
138,1,4,109263.38
138,1,5,145482.53
138,1,6,70786.27
138,1,7,133508.33
138,1,8,35469.84
138,1,9,138104.31
138,1,10,49545.64
100136,1,-1,39897.08
100136,1,1,48088.27
100136,1,2,25452.60
100136,1,3,22395.21
100136,1,4,123924.27
100136,1,6,95617.95
100136,1,7,86742.78
100136,1,9,98026.77
100136,1,10,78713.97
2000135,1,-1,71749.86
2000135,1,1,106863.01
2000135,1,2,74939.30
2000135,1,3,55008.04
2000135,1,4,99511.72
2000135,1,6,55495.32
2000135,1,7,72561.06
2000135,1,8,55819.97
2000135,1,9,168880.75
2000135,1,10,25113.48
500057,1,-1,85459.30
500057,1,1,66263.52
500057,1,2,36274.50
500057,1,5,67588.79
500057,1,6,95141.43
500057,1,7,212646.83
500057,1,9,198812.05
1300287,1,-1,81164.48
1300287,1,1,20468.54
1300287,1,2,44768.32
1300287,1,3,114827.84
1300287,1,4,16110.10
1300287,1,6,42483.56
1300287,1,7,177562.11
1300287,1,8,92048.53
1300287,1,9,150893.17
1300287,1,10,89587.91
100065,1,-1,109579.82
100065,1,1,113149.95
100065,1,2,59579.71
100065,1,4,64016.53
100065,1,5,39453.51
100065,1,6,43214.88
100065,1,7,68897.87
100065,1,8,119630.63
100065,1,9,146806.83
100065,1,10,31004.60
1700074,1,-1,65791.32
1700074,1,1,4026.52
1700074,1,2,95202.77
1700074,1,3,12637.95
1700074,1,4,170527.77
1700074,1,5,67759.33
1700074,1,6,55001.36
1700074,1,7,54833.77
1700074,1,8,64813.34
1700074,1,10,34755.53
100050,1,-1,84984.15
100050,1,1,73093.73
100050,1,2,187170.08
100050,1,3,59262.61
100050,1,4,34630.46
100050,1,5,150781.30
100050,1,6,54206.01
100050,1,7,30815.82
100050,1,9,73572.61
100050,1,10,88797.22
900307,1,-1,37678.43
900307,1,3,33467.54
900307,1,4,9701.16
900307,1,6,2037.06
900307,1,7,167414.94
900307,1,9,77930.67
1200242,1,-1,706.88
500042,1,-1,76611.91
500042,1,1,112615.97
500042,1,2,30910.39
500042,1,3,99551.65
500042,1,4,91136.72
500042,1,5,70730.08
500042,1,6,104357.12
500042,1,7,44923.61
500042,1,8,83333.17
500042,1,9,58994.43
500042,1,10,37719.43
240,1,-1,147558.92
240,1,1,236261.30
240,1,2,92019.29
240,1,3,106924.14
240,1,4,177457.86
240,1,5,186325.16
240,1,6,109112.12
240,1,7,134157.28
240,1,8,153660.78
240,1,9,168150.56
240,1,10,178745.12
1200077,1,-1,87967.84
1200077,1,1,56672.67
1200077,1,2,14534.76
1200077,1,3,148332.05
1200077,1,4,68218.39
1200077,1,5,59524.83
1200077,1,6,142979.12
1200077,1,8,20089.73
1200077,1,9,52228.71
1200077,1,10,213761.22
179,1,-1,593.41
179,1,3,23318.29
179,1,9,3811.39
1200190,1,-1,17348.07
1200190,1,2,20694.40
1200190,1,10,26409.66
900171,1,-1,5668.11
900171,1,6,22779.51
1500064,1,-1,87990.20
1500064,1,1,163904.09
1500064,1,2,145074.66
1500064,1,3,71988.19
1500064,1,4,100491.80
1500064,1,5,39044.93
1500064,1,6,68032.86
1500064,1,7,258398.75
1500064,1,8,76453.11
1500064,1,9,67070.08
1500064,1,10,67278.07
100027,1,-1,5068.35
100027,1,4,78035.19
200334,1,-1,242.68
400070,1,-1,140410.62
400070,1,1,122550.14
400070,1,2,110665.75
400070,1,3,109535.14
400070,1,4,115909.17
400070,1,5,177426.31
400070,1,6,81980.30
400070,1,7,57246.91
400070,1,8,76222.41
400070,1,9,99450.81
400070,1,10,107720.53
2000225,1,-1,85217.68
2000225,1,1,141901.06
2000225,1,2,65050.96
2000225,1,3,76665.45
2000225,1,4,448.25
2000225,1,5,114988.77
2000225,1,6,196092.28
2000225,1,7,113166.58
2000225,1,8,65883.48
2000225,1,9,144961.64
2000225,1,10,11966.93
2000250,1,-1,88909.45
2000250,1,1,28774.60
2000250,1,2,49091.66
2000250,1,3,150498.91
2000250,1,5,46181.89
2000250,1,6,74202.04
2000250,1,7,67088.43
2000250,1,8,154491.14
2000250,1,9,190521.56
2000250,1,10,130068.28
800167,1,-1,78062.90
800167,1,4,55187.07
800167,1,7,45718.72
800167,1,8,83434.16
800167,1,9,110608.92
800167,1,10,34534.19
500295,1,-1,2396.63
1200298,1,-1,22914.59
1200298,1,4,50540.25
1200298,1,5,12512.29
1200298,1,8,56207.65
1200298,1,10,160455.44
1600012,1,-1,144.76
1600200,1,-1,5281.61
1600200,1,1,21773.96
1600200,1,3,7195.91
100292,1,-1,1309.34
1700081,1,-1,87948.01
1700081,1,2,83463.98
1700081,1,3,44178.95
1700081,1,4,131510.12
1700081,1,5,81621.75
1700081,1,7,91134.80
1700081,1,8,23394.56
1700081,1,9,13386.38
1700081,1,10,42511.59
1900196,1,-1,2167.50
200190,1,-1,592.46
2100197,1,-1,262692.66
2100197,1,1,167988.47
2100197,1,2,416450.94
2100197,1,3,271503.47
2100197,1,4,68619.38
2100197,1,5,303468.81
2100197,1,6,422721.91
2100197,1,7,589575.00
2100197,1,8,115795.72
2100197,1,9,236464.62
2100197,1,10,285107.84
700158,1,-1,83046.12
700158,1,1,43143.20
700158,1,2,28216.74
700158,1,3,96012.38
700158,1,4,39853.43
700158,1,5,47925.75
700158,1,6,213843.14
700158,1,7,55477.61
700158,1,8,431711.88
700158,1,9,96825.02
700158,1,10,19371.97
300154,1,-1,73.26
1400133,1,-1,592.46
1400133,1,8,25114.22
300023,1,-1,251308.30
300023,1,1,101429.76
300023,1,2,78353.44
300023,1,3,381379.16
300023,1,4,290823.72
300023,1,5,344647.78
300023,1,6,210000.25
300023,1,7,146920.73
300023,1,8,175409.80
300023,1,9,181525.94
300023,1,10,382304.56
1800221,1,-1,74847.50
1800221,1,1,130784.70
1800221,1,2,110778.88
1800221,1,3,55100.63
1800221,1,5,102473.12
1800221,1,6,145796.22
1800221,1,8,55399.47
1800221,1,9,86656.48
1800221,1,10,40915.96
1500307,1,-1,13330.60
1500307,1,2,17294.47
1500307,1,4,42304.36
1500307,1,5,115159.30
1500307,1,8,104961.54
300321,1,-1,53506.95
300321,1,1,5010.17
300321,1,2,1.70
300321,1,3,24414.66
300321,1,4,30622.35
300321,1,6,33028.34
300321,1,7,60878.01
300321,1,8,80793.09
300321,1,10,47683.04
1300323,1,-1,24707.20
1300323,1,1,14923.11
1300323,1,2,44667.62
1300323,1,3,31199.35
1300323,1,4,24754.55
1300323,1,5,6233.80
1300323,1,6,16835.09
1300323,1,7,7180.56
1300323,1,9,31925.38
1300323,1,10,27096.60
400017,1,-1,178797.14
400017,1,1,78269.30
400017,1,2,301690.34
400017,1,3,56629.54
400017,1,4,48497.29
400017,1,5,251594.89
400017,1,6,175681.52
400017,1,7,73764.91
400017,1,8,122151.00
400017,1,9,152192.28
400017,1,10,292269.50
800028,1,-1,2418.44
100257,1,-1,24711.08
100257,1,1,5594.75
100257,1,2,36939.64
100257,1,5,36209.29
100257,1,7,43036.43
100257,1,8,25011.11
100257,1,9,9169.01
100257,1,10,3628.72
1400098,1,-1,129456.80
1400098,1,1,68257.48
1400098,1,2,197575.16
1400098,1,3,53239.08
1400098,1,4,81620.68
1400098,1,5,255281.97
1400098,1,6,284996.88
1400098,1,7,87674.86
1400098,1,8,101185.51
1400098,1,9,226247.95
1400098,1,10,112390.55
300037,1,-1,296.22
1500236,1,-1,291351.31
1500236,1,1,111776.62
1500236,1,2,224521.98
1500236,1,3,118846.61
1500236,1,4,84809.30
1500236,1,5,426951.09
1500236,1,6,246402.28
1500236,1,7,353104.94
1500236,1,8,526832.06
1500236,1,9,523961.19
1500236,1,10,211845.80
300258,1,-1,135467.77
300258,1,1,29649.94
300258,1,2,45622.27
300258,1,3,59577.93
300258,1,4,167543.72
300258,1,5,93607.27
300258,1,6,162435.50
300258,1,7,244124.47
300258,1,8,205085.25
300258,1,9,134169.44
300258,1,10,263322.94
1700157,1,-1,89600.19
1700157,1,1,23396.20
1700157,1,2,166643.31
1700157,1,3,17924.34
1700157,1,4,123002.61
1700157,1,5,112418.78
1700157,1,6,15200.67
1700157,1,7,276054.44
1700157,1,10,250632.86
1600102,1,-1,99950.07
1600102,1,1,134326.11
1600102,1,2,97108.44
1600102,1,3,20484.56
1600102,1,4,48257.90
1600102,1,5,115126.56
1600102,1,6,177015.55
1600102,1,7,33535.83
1600102,1,8,88588.52
1600102,1,9,49836.47
1600102,1,10,67188.56
900312,1,-1,52322.29
900312,1,1,36857.31
900312,1,2,21005.80
900312,1,3,69353.27
900312,1,4,63065.69
900312,1,5,26656.98
900312,1,6,50830.86
900312,1,7,200649.31
900312,1,8,50758.85
900312,1,9,71029.09
900312,1,10,170545.02
400263,1,-1,91743.07
400263,1,1,110590.90
400263,1,2,61455.64
400263,1,3,72810.48
400263,1,4,157778.34
400263,1,5,56435.54
400263,1,6,242221.03
400263,1,7,19526.09
400263,1,8,85791.20
400263,1,9,18634.64
400263,1,10,58687.85
100175,1,-1,3837.95
2100006,1,-1,193.01
2100028,1,-1,215125.06
2100028,1,1,159074.56
2100028,1,2,150496.59
2100028,1,3,97261.06
2100028,1,4,189787.50
2100028,1,5,289456.38
2100028,1,6,188517.91
2100028,1,7,1040313.88
2100028,1,8,132974.70
2100028,1,9,280387.88
2100028,1,10,149224.16
1400283,1,-1,133047.02
1400283,1,1,188574.28
1400283,1,2,10287.74
1400283,1,3,54124.29
1400283,1,4,15518.87
1400283,1,5,187440.52
1400283,1,6,250539.83
1400283,1,7,92672.40
1400283,1,8,92081.81
1400283,1,9,93074.63
1400283,1,10,264154.88
1900257,1,-1,1651.63
1200204,1,-1,4289.66
1000146,1,-1,115057.23
1000146,1,1,52700.50
1000146,1,2,92267.45
1000146,1,3,71457.31
1000146,1,4,109299.88
1000146,1,5,61169.20
1000146,1,7,166054.39
1000146,1,8,205772.39
1000146,1,9,147443.62
1000146,1,10,121399.36
600044,1,-1,552.85
700268,1,-1,15607.22
700268,1,1,22847.09
700268,1,3,4679.64
700268,1,4,30851.45
700268,1,5,11982.16
700268,1,7,30027.36
700268,1,10,16624.59
270,1,-1,13975.72
270,1,2,46293.55
270,1,5,47531.80
270,1,6,30623.14
270,1,9,20522.52
200041,1,-1,71548.92
200041,1,1,6002.17
200041,1,2,106002.89
200041,1,3,89498.61
200041,1,4,64701.55
200041,1,5,160931.16
200041,1,6,111131.91
200041,1,7,143870.11
200041,1,10,148152.75
1600283,1,-1,48.25
1000022,1,-1,40555.93
1000022,1,1,75844.42
1000022,1,2,50729.50
1000022,1,3,13570.46
1000022,1,4,61953.85
1000022,1,5,1256.15
1000022,1,6,13988.25
1000022,1,7,89152.43
1000022,1,8,31610.23
1000022,1,9,28729.03
200158,1,-1,159945.17
200158,1,1,128765.12
200158,1,2,457158.28
200158,1,3,60959.65
200158,1,4,354370.62
200158,1,5,212999.38
200158,1,6,170577.92
200158,1,7,71641.61
200158,1,8,68921.56
200158,1,10,144321.31
1900226,1,-1,111903.80
1900226,1,1,92202.73
1900226,1,2,70730.90
1900226,1,3,35523.20
1900226,1,4,3039.96
1900226,1,6,89221.56
1900226,1,7,128064.28
1900226,1,8,84971.69
1900226,1,9,197203.88
500168,1,-1,6779.46
200033,1,-1,48.25
600246,1,-1,51116.52
600246,1,1,5667.70
600246,1,3,30212.53
600246,1,5,83992.78
600246,1,9,26146.01
500121,1,-1,8072.36
500121,1,6,1095.77
500121,1,8,168.33
1400288,1,-1,157692.73
1400288,1,1,93280.26
1400288,1,2,103256.25
1400288,1,3,121288.57
1400288,1,4,559330.62
1400288,1,5,120152.83
1400288,1,6,195790.06
1400288,1,7,65041.22
1400288,1,8,116936.62
1400288,1,9,103204.04
1400288,1,10,144827.64
1400086,1,-1,99479.20
1400086,1,1,94952.41
1400086,1,2,39696.39
1400086,1,3,88074.55
1400086,1,4,147339.48
1400086,1,6,27374.33
1400086,1,7,79794.39
1400086,1,8,31616.28
1400086,1,9,145868.25
1400086,1,10,107060.84
1600092,1,-1,285027.09
1600092,1,1,160228.67
1600092,1,2,263351.50
1600092,1,3,677732.62
1600092,1,4,311521.53
1600092,1,5,303030.47
1600092,1,6,221626.56
1600092,1,7,203536.55
1600092,1,8,508831.62
1600092,1,9,235925.41
1600092,1,10,287710.00
1500262,1,-1,2937.46
1500262,1,1,19960.03
1500262,1,6,35452.30
1500262,1,8,20399.56
1500262,1,9,3342.00
1500262,1,10,26744.56
2100295,1,-1,192453.59
2100295,1,1,205396.48
2100295,1,2,324895.34
2100295,1,3,200516.42
2100295,1,4,198903.56
2100295,1,5,240226.39
2100295,1,6,346401.34
2100295,1,7,66106.16
2100295,1,8,156339.23
2100295,1,9,98374.60
2100295,1,10,167165.70
